id,question,label,subtopic,language,source,group_id,review_status
calc_0001,"Compute lim_{x→0} sin(5x)/(2x).",CALCULUS,limits,en,synthetic,limit_sine_scaling_01,pending
calc_0002,"Determine lim_{x→∞} (1 + 3/x)^(2x).",CALCULUS,limits,en,synthetic,limit_exponential_form_01,pending
calc_0003,"The function f is defined by f(x) = (x^2 - 1)/(x - 1) for x ≠ 1 and f(1) = k. For which value of the constant k is f continuous at x = 1?",CALCULUS,continuity,en,synthetic,continuity_removable_01,pending
calc_0004,"Find dy/dx at the point (1, 2) on the curve x^2 + xy + y^2 = 7.",CALCULUS,derivatives,en,synthetic,derivative_implicit_01,pending
calc_0005,"A 5-meter ladder leans against a vertical wall. The bottom of the ladder slides away from the wall at a constant speed of 0.4 meters per second. How fast is the top of the ladder moving down the wall at the moment when the bottom is 3 meters from the wall?",CALCULUS,derivative_applications,en,synthetic,related_rates_ladder_01,pending
calc_0006,"Find the indefinite integral ∫ x^2 cos(x) dx.",CALCULUS,integrals,en,synthetic,integral_by_parts_01,pending
calc_0007,"A particle moves along a straight line with velocity v(t) = t^2 - 4t + 3 meters per second. What is the total distance traveled by the particle during the time interval 0 ≤ t ≤ 4 seconds?",CALCULUS,integral_applications,en,synthetic,integral_total_distance_01,pending
calc_0008,"Does the sequence a_n = (3n^2 + 1)/(n^2 + 5n), n ≥ 1, converge? If it does, find its limit.",CALCULUS,sequences,en,synthetic,sequence_rational_limit_01,pending
calc_0009,"Determine whether the series Σ_{n=1}^∞ n/(n^3 + 1) converges or diverges.",CALCULUS,series,en,synthetic,series_comparison_01,pending
calc_0010,"Find all critical points of f(x, y) = x^3 - 3x + y^2 and classify each one as a local maximum, a local minimum, or a saddle point.",CALCULUS,multivariable_calculus,en,synthetic,multivariable_critical_points_01,pending
calc_0011,"Evaluate lim_{x→2} (x^3 - 8)/(x^2 - 4).",CALCULUS,limits,en,synthetic,limit_factor_cubic_01,pending
calc_0012,"What is lim_{x→0} (1 - cos(3x))/x^2?",CALCULUS,limits,en,synthetic,limit_cosine_quadratic_01,pending
calc_0013,"Find lim_{x→∞} (sqrt(x^2 + 4x) - x).",CALCULUS,limits,en,synthetic,limit_conjugate_infinity_01,pending
calc_0014,"Use L'Hôpital's rule to compute lim_{x→0+} x ln(x).",CALCULUS,limits,en,synthetic,limit_lhopital_xlnx_01,pending
calc_0015,"Does lim_{x→0} sin(1/x) exist? Justify your answer.",CALCULUS,limits,en,synthetic,limit_oscillation_01,pending
calc_0016,"Compute lim_{x→0} (e^(2x) - 1 - 2x)/x^2.",CALCULUS,limits,en,synthetic,limit_taylor_exponential_01,pending
calc_0017,"Prove, using the ε–δ definition of a limit, that lim_{x→3} (2x + 1) = 7.",CALCULUS,limits,en,synthetic,limit_epsilon_delta_01,pending
calc_0018,"Let f(x) = x^2 for x < 1 and f(x) = ax + b for x ≥ 1, where a and b are real constants. Find all pairs (a, b) for which f is differentiable at x = 1.",CALCULUS,continuity,en,synthetic,continuity_piecewise_differentiable_01,pending
calc_0019,"Show that the equation x^3 + x - 1 = 0 has at least one real solution in the interval (0, 1).",CALCULUS,continuity,en,synthetic,continuity_ivt_root_01,pending
calc_0020,"Find all points where g(x) = (x^2 - 4)/(x^2 - 3x + 2) is discontinuous, and classify each discontinuity as removable or non-removable.",CALCULUS,continuity,en,synthetic,continuity_classify_discontinuities_01,pending
calc_0021,"Differentiate f(x) = x^3 e^(2x).",CALCULUS,derivatives,en,synthetic,derivative_product_exponential_01,pending
calc_0022,"Find f'(x) for f(x) = ln((x^2 + 1)/(x - 3)), where x > 3.",CALCULUS,derivatives,en,synthetic,derivative_log_quotient_01,pending
calc_0023,"Find the derivative of h(x) = x^x for x > 0.",CALCULUS,derivatives,en,synthetic,derivative_logarithmic_01,pending
calc_0024,"Find the equation of the tangent line to the graph of y = sqrt(3x + 1) at the point where x = 8.",CALCULUS,derivatives,en,synthetic,derivative_tangent_line_01,pending
calc_0025,"If y = e^(-x) sin(x), show that y'' + 2y' + 2y = 0.",CALCULUS,derivatives,en,synthetic,derivative_verify_equation_01,pending
calc_0026,"Using the limit definition of the derivative, find f'(x) for f(x) = 1/x, where x ≠ 0.",CALCULUS,derivatives,en,synthetic,derivative_definition_reciprocal_01,pending
calc_0027,"Find the absolute maximum and absolute minimum values of f(x) = x^3 - 3x^2 + 1 on the closed interval [-1, 4].",CALCULUS,derivative_applications,en,synthetic,extrema_closed_interval_01,pending
calc_0028,"An open-top rectangular box with a square base must have a volume of 32 cubic meters. What dimensions minimize the total surface area of the box (the base and the four sides)?",CALCULUS,derivative_applications,en,synthetic,optimization_open_box_01,pending
calc_0029,"Sand is poured onto a flat surface at a constant rate of 10 cubic meters per minute, forming a conical pile whose height is always equal to its base diameter. How fast is the height of the pile increasing at the moment when the pile is 4 meters high?",CALCULUS,derivative_applications,en,synthetic,related_rates_cone_pile_01,pending
calc_0030,"Show that f(x) = x^5 + 2x + 3 is strictly increasing on the real line, and determine how many real solutions the equation f(x) = 0 has.",CALCULUS,derivative_applications,en,synthetic,monotonic_unique_root_01,pending
calc_0031,"Determine where f(x) = x e^(-x) is concave up and where it is concave down, and find any inflection points.",CALCULUS,derivative_applications,en,synthetic,concavity_inflection_01,pending
calc_0032,"Apply Newton's method to f(x) = x^2 - 2 with starting value x_0 = 1, and compute the next two approximations x_1 and x_2.",CALCULUS,derivative_applications,en,synthetic,newton_method_sqrt2_01,pending
calc_0033,"Use the Mean Value Theorem to prove that |sin(a) - sin(b)| ≤ |a - b| for all real numbers a and b.",CALCULUS,derivative_applications,en,synthetic,mvt_sine_lipschitz_01,pending
calc_0034,"Evaluate the definite integral ∫_0^1 x e^(x^2) dx.",CALCULUS,integrals,en,synthetic,integral_substitution_exponential_01,pending
calc_0035,"Find ∫ 1/(x^2 - 1) dx for x > 1.",CALCULUS,integrals,en,synthetic,integral_partial_fractions_01,pending
calc_0036,"Compute ∫_0^{π/2} sin^3(x) dx.",CALCULUS,integrals,en,synthetic,integral_trig_power_01,pending
calc_0037,"Evaluate ∫_0^2 sqrt(4 - x^2) dx.",CALCULUS,integrals,en,synthetic,integral_quarter_circle_01,pending
calc_0038,"Determine whether ∫_0^∞ x e^(-x) dx converges, and find its value if it does.",CALCULUS,integrals,en,synthetic,improper_integral_gamma_01,pending
calc_0039,"Evaluate ∫_{-2}^{3} |x - 1| dx.",CALCULUS,integrals,en,synthetic,integral_absolute_value_01,pending
calc_0040,"A factory's marginal cost when q units are produced is C'(q) = 6q^2 - 4q + 5 dollars per unit, and the fixed cost (the cost of producing 0 units) is 50 dollars. Find the cost function C(q) and the total cost of producing 3 units.",CALCULUS,integrals,en,synthetic,antiderivative_marginal_cost_01,pending
calc_0041,"Find the area of the region enclosed by the curves y = x^2 and y = 2x.",CALCULUS,integral_applications,en,synthetic,area_between_curves_01,pending
calc_0042,"The region under the curve y = e^x, above the x-axis, and between x = 0 and x = 1 is rotated about the x-axis. Find the volume of the resulting solid.",CALCULUS,integral_applications,en,synthetic,volume_disk_exponential_01,pending
calc_0043,"Find the length of the curve y = (2/3) x^(3/2) from x = 0 to x = 3.",CALCULUS,integral_applications,en,synthetic,arc_length_power_01,pending
calc_0044,"Water leaks from a tank at the rate r(t) = 20e^(-0.1t) liters per minute, where t is the time in minutes since the leak began. How much water leaks out during the first 10 minutes, and how much would leak out in total if the leak continued forever?",CALCULUS,integral_applications,en,synthetic,total_change_leak_01,pending
calc_0045,"A variable force F(x) = 3x^2 + 2 newtons acts on an object as it moves along a straight line from x = 1 meter to x = 4 meters. Compute the work done by the force.",CALCULUS,integral_applications,en,synthetic,work_variable_force_01,pending
calc_0046,"The temperature in a greenhouse t hours after midnight is T(t) = 18 + 6 sin(πt/12) degrees Celsius. What is the average temperature over the full day 0 ≤ t ≤ 24?",CALCULUS,integral_applications,en,synthetic,average_value_temperature_01,pending
calc_0047,"Determine lim_{n→∞} n!/n^n and justify your answer.",CALCULUS,sequences,en,synthetic,sequence_factorial_squeeze_01,pending
calc_0048,"The sequence (a_n) is defined by a_1 = 1 and a_{n+1} = sqrt(2 + a_n) for n ≥ 1. Prove that the sequence converges and find its limit.",CALCULUS,sequences,en,synthetic,sequence_monotone_bounded_01,pending
calc_0049,"Is the sequence a_n = (-1)^n n/(n + 1) convergent? Justify your answer.",CALCULUS,sequences,en,synthetic,sequence_alternating_divergence_01,pending
calc_0050,"Evaluate lim_{n→∞} (1/n) Σ_{k=1}^{n} sqrt(k/n).",CALCULUS,sequences,en,synthetic,sequence_riemann_sum_limit_01,pending
calc_0051,"Find the sum of the series Σ_{n=1}^∞ 1/(n(n + 1)).",CALCULUS,series,en,synthetic,series_telescoping_01,pending
calc_0052,"Does the series Σ_{n=2}^∞ 1/(n ln(n)) have a finite sum?",CALCULUS,series,en,synthetic,series_integral_test_01,pending
calc_0053,"Find the radius of convergence and the interval of convergence of the power series Σ_{n=1}^∞ (x - 2)^n/(n 3^n).",CALCULUS,series,en,synthetic,power_series_interval_01,pending
calc_0054,"Does the series Σ_{n=1}^∞ (-1)^n/sqrt(n) converge absolutely, converge conditionally, or diverge?",CALCULUS,series,en,synthetic,series_conditional_convergence_01,pending
calc_0055,"Find the Maclaurin series of f(x) = ln(1 + x) up to and including the term in x^4.",CALCULUS,series,en,synthetic,taylor_polynomial_log_01,pending
calc_0056,"Find the partial derivatives f_x and f_y of f(x, y) = x^2 y + sin(xy).",CALCULUS,multivariable_calculus,en,synthetic,partial_derivatives_01,pending
calc_0057,"Evaluate ∫∫_R (x + 2y) dA, where R is the rectangle 0 ≤ x ≤ 2, 1 ≤ y ≤ 3.",CALCULUS,multivariable_calculus,en,synthetic,double_integral_rectangle_01,pending
calc_0058,"Find the maximum value of f(x, y) = xy subject to the constraint x^2 + y^2 = 8.",CALCULUS,multivariable_calculus,en,synthetic,lagrange_multipliers_01,pending
calc_0059,"Find the gradient of f(x, y, z) = x^2 y + z e^y at the point (1, 0, 2), and compute the directional derivative of f at that point in the direction of the vector (1, 2, 2).",CALCULUS,multivariable_calculus,en,synthetic,directional_derivative_01,pending
calc_0060,"Evaluate ∫_0^1 ∫_x^1 e^(y^2) dy dx by reversing the order of integration.",CALCULUS,multivariable_calculus,en,synthetic,iterated_integral_reverse_order_01,pending
calc_0061,"The expression (x^4 - 1)/(x - 1) is undefined at x = 1 but can be simplified for every other x. Use this to find its limit as x approaches 1.",CALCULUS,limits,en,synthetic,lim_quartic_factor_01,pending
calc_0062,"Compute lim_{x→0} tan(4x)/sin(6x).",CALCULUS,limits,en,synthetic,lim_tan_sin_ratio_01,pending
calc_0063,"A rational function models the ratio of a machine's output to its input as the input grows without bound: R(x) = (5x^3 - 2x)/(2x^3 + 7). What value does R(x) approach as x → ∞?",CALCULUS,limits,en,synthetic,lim_rational_infinity_01,pending
calc_0064,"Recognize the following limit as a derivative, or evaluate it by rationalizing the numerator: lim_{x→0} (sqrt(1 + x) - 1)/x.",CALCULUS,limits,en,synthetic,lim_sqrt_difference_quotient_01,pending
calc_0065,"Find lim_{x→0} (e^x - cos(x))/x.",CALCULUS,limits,en,synthetic,lim_exp_minus_cos_01,pending
calc_0066,"The expression (1 - sin(x))/cos^2(x) is undefined at x = π/2. Use a trigonometric identity to simplify it and find its limit as x approaches π/2.",CALCULUS,limits,en,synthetic,lim_trig_identity_half_pi_01,pending
calc_0067,"As x grows without bound, the factor sin(1/x) shrinks toward 0 while the factor x grows. Determine what the product x sin(1/x) approaches as x → ∞.",CALCULUS,limits,en,synthetic,lim_x_sin_reciprocal_01,pending
calc_0068,"The expression (sin(x))^x has the indeterminate form 0^0 as x → 0 from the right. Take logarithms to find lim_{x→0+} (sin(x))^x.",CALCULUS,limits,en,synthetic,lim_indeterminate_power_01,pending
calc_0069,"Compare how fast ln(x) and the cube root of x grow: find lim_{x→∞} ln(x)/x^(1/3), and state which function dominates.",CALCULUS,limits,en,synthetic,lim_log_vs_power_01,pending
calc_0070,"Find lim_{x→0} ln(1 + 2x)/x by using a standard limit or L'Hôpital's rule, and say which method you used.",CALCULUS,limits,en,synthetic,lim_log_small_argument_01,pending
calc_0071,"Find the one-sided limits lim_{x→3-} (x - 5)/(x - 3) and lim_{x→3+} (x - 5)/(x - 3).",CALCULUS,limits,en,synthetic,lim_one_sided_infinite_01,pending
calc_0072,"Find all horizontal and vertical asymptotes of f(x) = (2x^2 - 8)/(x^2 - 1).",CALCULUS,limits,en,synthetic,lim_asymptotes_rational_01,pending
calc_0073,"Use the squeeze theorem to find lim_{x→∞} cos(x)/x.",CALCULUS,limits,en,synthetic,lim_squeeze_cos_over_x_01,pending
calc_0074,"Let f(x) = |x|/x for x ≠ 0. Find lim_{x→0-} f(x) and lim_{x→0+} f(x), and decide whether lim_{x→0} f(x) exists.",CALCULUS,limits,en,synthetic,lim_sign_function_01,pending
calc_0075,"Evaluate lim_{x→∞} (x + 1)^(1/x). The base grows without bound while the exponent shrinks to zero; determine which effect wins.",CALCULUS,limits,en,synthetic,lim_power_one_over_x_01,pending
calc_0076,"Use the Taylor expansion of cos(x) about 0, rather than repeated applications of L'Hôpital's rule, to compute lim_{x→0} (cos(x) - 1 + x^2/2)/x^4.",CALCULUS,limits,en,synthetic,lim_taylor_cosine_01,pending
calc_0077,"What is lim_{x→1} ln(x)/(x - 1)?",CALCULUS,limits,en,synthetic,lim_log_derivative_form_01,pending
calc_0078,"Evaluate lim_{x→0} (1 + sin(x))^(1/x).",CALCULUS,limits,en,synthetic,lim_one_plus_sin_01,pending
calc_0079,"A capacitor's charge t seconds after it starts charging is Q(t) = 5(1 - e^(-2t)) coulombs. What value does the charge approach as t → ∞, and what is lim_{t→0+} Q(t)/t?",CALCULUS,limits,en,synthetic,lim_capacitor_charge_01,pending
calc_0080,"The concentration of a drug in the bloodstream t hours after an injection is C(t) = 20t/(t^2 + 4) mg/L. Find lim_{t→∞} C(t) and explain what it says about the long-term concentration.",CALCULUS,limits,en,synthetic,lim_drug_concentration_01,pending
calc_0081,"Using the definition of an infinite limit, prove that lim_{x→0} 1/x^2 = ∞.",CALCULUS,limits,en,synthetic,lim_infinite_limit_definition_01,pending
calc_0082,"Use the definition of a limit at infinity to prove that lim_{x→∞} 1/x = 0.",CALCULUS,limits,en,synthetic,lim_infinity_definition_01,pending
calc_0083,"A function f satisfies 1 - x^2/2 ≤ f(x) ≤ 1 for all x near 0. What is lim_{x→0} f(x)?",CALCULUS,limits,en,synthetic,lim_squeeze_given_bounds_01,pending
calc_0084,"Find the value that arcsin(x)/x approaches as x approaches 0, and interpret the result as the slope of y = arcsin(x) at the origin.",CALCULUS,limits,en,synthetic,lim_arcsin_ratio_01,pending
calc_0085,"Compute lim_{x→∞} (sqrt(x^2 + x) - sqrt(x^2 - x)).",CALCULUS,limits,en,synthetic,lim_conjugate_two_roots_01,pending
calc_0086,"The exponential functions 3^x and 2^x agree at x = 0. Find lim_{x→0} (3^x - 2^x)/x, which measures how quickly they separate near 0.",CALCULUS,limits,en,synthetic,lim_exponential_bases_01,pending
calc_0087,"For a positive integer n and a real number a, determine lim_{x→a} (x^n - a^n)/(x - a).",CALCULUS,limits,en,synthetic,lim_power_difference_quotient_01,pending
calc_0088,"Each of the terms 1/x and 1/sin(x) is unbounded as x → 0, but their difference need not be. Combine them over a common denominator and find lim_{x→0} (1/x - 1/sin(x)).",CALCULUS,limits,en,synthetic,lim_difference_of_reciprocals_01,pending
calc_0089,"Compute lim_{x→2} (sqrt(x + 2) - 2)/(x - 2).",CALCULUS,limits,en,synthetic,lim_conjugate_finite_point_01,pending
calc_0090,"A signal has the form x^2 e^(-x), where x is time in seconds. Describe its long-run behavior by evaluating lim_{x→∞} x^2 e^(-x), and explain which factor dominates.",CALCULUS,limits,en,synthetic,lim_polynomial_times_decay_01,pending
calc_0091,"A student claims that sin(x) settles down to a single value as x grows without bound. Does lim_{x→∞} sin(x) exist? Explain rigorously, using two different sequences x_n → ∞.",CALCULUS,limits,en,synthetic,lim_sine_at_infinity_01,pending
calc_0092,"Let f(x) = x^2 + c for x ≤ 2 and f(x) = 3x - 1 for x > 2. For what value of c is f continuous on the whole real line?",CALCULUS,continuity,en,synthetic,cont_piecewise_constant_01,pending
calc_0093,"State the domain of f(x) = sqrt(x^2 - 4) and determine the intervals on which f is continuous.",CALCULUS,continuity,en,synthetic,cont_domain_sqrt_01,pending
calc_0094,"Explain why g(x) = 1/(x - 2) is continuous at every point of its domain, and why no value can be assigned at x = 2 to make g continuous there.",CALCULUS,continuity,en,synthetic,cont_reciprocal_no_extension_01,pending
calc_0095,"Prove, using the ε–δ definition, that f(x) = x^2 is continuous at every real number a.",CALCULUS,continuity,en,synthetic,cont_epsilon_delta_square_01,pending
calc_0096,"Let f(x) = x sin(1/x) for x ≠ 0 and f(0) = 0. Show that f is continuous at x = 0.",CALCULUS,continuity,en,synthetic,cont_x_sin_reciprocal_01,pending
calc_0097,"The function f is defined by f(x) = sin(x)/x for x ≠ 0. How should f(0) be defined so that f is continuous at 0?",CALCULUS,continuity,en,synthetic,cont_removable_sinc_01,pending
calc_0098,"Suppose f is continuous on [a, b] and f(x) is a rational number for every x in [a, b]. Show that f is constant.",CALCULUS,continuity,en,synthetic,cont_rational_valued_constant_01,pending
calc_0099,"A hiker starts at the bottom of a mountain at 6:00 a.m. and walks up a single trail, reaching the summit at 6:00 p.m. The next day she starts at the summit at 6:00 a.m., walks down the same trail, and reaches the bottom at 6:00 p.m. Prove that there is a time of day at which she is at exactly the same point of the trail on both days.",CALCULUS,continuity,en,synthetic,cont_ivt_hiker_01,pending
calc_0100,"Let f be continuous on [0, 1] with f(0) = 0 and f(1) = 1. Show that there is a point c in [0, 1] with f(c) = 1 - c.",CALCULUS,continuity,en,synthetic,cont_ivt_intersection_01,pending
calc_0101,"Show that every polynomial of odd degree has at least one real root.",CALCULUS,continuity,en,synthetic,cont_ivt_odd_degree_01,pending
calc_0102,"Find all real numbers at which f(x) = tan(x) is discontinuous.",CALCULUS,continuity,en,synthetic,cont_tan_discontinuities_01,pending
calc_0103,"Let f(x) = ⌊x⌋ denote the greatest integer less than or equal to x. At which real numbers is f continuous?",CALCULUS,continuity,en,synthetic,cont_floor_function_01,pending
calc_0104,"Define h(x) = x if x is rational and h(x) = 0 if x is irrational. At which real numbers is h continuous? Justify your answer.",CALCULUS,continuity,en,synthetic,cont_rational_irrational_split_01,pending
calc_0105,"State the Extreme Value Theorem and use it to explain why f(x) = x e^(-x^2) attains both a maximum and a minimum value on the interval [-3, 3].",CALCULUS,continuity,en,synthetic,cont_extreme_value_theorem_01,pending
calc_0106,"Suppose f and g are continuous at a. Prove that f + g is continuous at a.",CALCULUS,continuity,en,synthetic,cont_sum_of_continuous_01,pending
calc_0107,"Find constants a and b such that f(x) = 2x + a for x < 0, f(x) = ax + b for 0 ≤ x ≤ 1, and f(x) = 3x + b for x > 1 is continuous on the whole real line.",CALCULUS,continuity,en,synthetic,cont_three_piece_constants_01,pending
calc_0108,"Give an example of a function defined on [0, 1] that is continuous on (0, 1) but unbounded on [0, 1].",CALCULUS,continuity,en,synthetic,cont_unbounded_example_01,pending
calc_0109,"Use the Intermediate Value Theorem to show that the equation e^x = 3 - x has a solution in the interval [0, 1].",CALCULUS,continuity,en,synthetic,cont_ivt_exp_equation_01,pending
calc_0110,"The temperature in a city varies continuously with time. If it was 5 degrees Celsius at midnight and 21 degrees Celsius at noon the same day, must there have been a moment during that period when it was exactly 12 degrees Celsius? Explain.",CALCULUS,continuity,en,synthetic,cont_ivt_temperature_01,pending
calc_0111,"Show that f(x) = |x| is continuous at every real number.",CALCULUS,continuity,en,synthetic,cont_absolute_value_01,pending
calc_0112,"Show that x^3 - 6x + 2 = 0 has three distinct real solutions by evaluating the left side at x = -3, 0, 1, and 3.",CALCULUS,continuity,en,synthetic,cont_ivt_three_roots_01,pending
calc_0113,"A student differentiates y = (3x^2 + 1)^5 by first expanding the fifth power. Use the chain rule instead to find dy/dx, and simplify your answer.",CALCULUS,derivatives,en,synthetic,der_chain_power_01,pending
calc_0114,"Use the product rule together with the chain rule to find the derivative of sin(x^2) cos(3x) with respect to x, and state which rule is applied to each factor.",CALCULUS,derivatives,en,synthetic,der_product_trig_chain_01,pending
calc_0115,"Compute the derivative of f(x) = ln(sqrt(x^2 + 1)).",CALCULUS,derivatives,en,synthetic,der_log_of_root_01,pending
calc_0116,"Find f'(x) if f(x) = e^x/(1 + x^2).",CALCULUS,derivatives,en,synthetic,der_quotient_exponential_01,pending
calc_0117,"Use the chain rule to differentiate arctan(2x) with respect to x, and simplify the result to a single rational function.",CALCULUS,derivatives,en,synthetic,der_arctan_chain_01,pending
calc_0118,"Differentiate g(t) = t^(3/2) - 4t^(-1/2) + 7.",CALCULUS,derivatives,en,synthetic,der_fractional_powers_01,pending
calc_0119,"Find y' for y = tan(x)/x^2 on the interval 0 < x < π/2, and simplify your answer so that only sec^2(x) and tan(x) appear.",CALCULUS,derivatives,en,synthetic,der_quotient_tangent_01,pending
calc_0120,"The equation sin(xy) = x + y defines y implicitly as a function of x near suitable points. Use implicit differentiation to find a formula for dy/dx in terms of x and y.",CALCULUS,derivatives,en,synthetic,der_implicit_sine_01,pending
calc_0121,"Find the slope of the tangent line to the curve x^3 + y^3 = 6xy at the point (3, 3).",CALCULUS,derivatives,en,synthetic,der_implicit_folium_01,pending
calc_0122,"Find the derivative of f(x) = (x^2 + 1)^(sin(x)) using logarithmic differentiation.",CALCULUS,derivatives,en,synthetic,der_logarithmic_variable_exponent_01,pending
calc_0123,"Successive derivatives of sin(2x) follow a repeating pattern with growing constant factors. Use this pattern to find the 50th derivative of f(x) = sin(2x).",CALCULUS,derivatives,en,synthetic,der_high_order_sine_01,pending
calc_0124,"Let f(x) = x^2 g(x), where g is differentiable with g(2) = 3 and g'(2) = -1. Find f'(2).",CALCULUS,derivatives,en,synthetic,der_product_given_values_01,pending
calc_0125,"Suppose h(x) = f(g(x)), where g(1) = 2, g'(1) = 4, f(2) = 5, and f'(2) = -3. Find h'(1).",CALCULUS,derivatives,en,synthetic,der_chain_given_values_01,pending
calc_0126,"Show that f(x) = x^3 + x has an inverse function, and find (f^(-1))'(2).",CALCULUS,derivatives,en,synthetic,der_inverse_function_derivative_01,pending
calc_0127,"Let F(x) be the accumulated area F(x) = ∫_1^{x^2} sqrt(1 + t^3) dt. Use the Fundamental Theorem of Calculus together with the chain rule to find F'(x) without evaluating the integral.",CALCULUS,derivatives,en,synthetic,der_ftc_with_chain_01,pending
calc_0128,"With cosh(x) = (e^x + e^(-x))/2 and sinh(x) = (e^x - e^(-x))/2, show that d/dx cosh(x) = sinh(x) and d/dx sinh(x) = cosh(x).",CALCULUS,derivatives,en,synthetic,der_hyperbolic_functions_01,pending
calc_0129,"Use the limit definition of the derivative to compute f'(4) for f(x) = sqrt(x).",CALCULUS,derivatives,en,synthetic,der_definition_sqrt_point_01,pending
calc_0130,"Is f(x) = |x - 2| differentiable at x = 2? Justify your answer.",CALCULUS,derivatives,en,synthetic,der_absolute_value_corner_01,pending
calc_0131,"Let f(x) = x^2 sin(1/x) for x ≠ 0 and f(0) = 0. Is f differentiable at 0? Is f' continuous at 0?",CALCULUS,derivatives,en,synthetic,der_x_squared_sin_reciprocal_01,pending
calc_0132,"Find the equation of the normal line to the curve y = x ln(x) at the point where x = e.",CALCULUS,derivatives,en,synthetic,der_normal_line_01,pending
calc_0133,"A particle moves along a line with position s(t) = t^3 - 6t^2 + 9t + 2 meters at time t seconds. Find its velocity and acceleration at t = 4, and determine the times at which it is momentarily at rest.",CALCULUS,derivatives,en,synthetic,der_particle_motion_01,pending
calc_0134,"The number of bacteria in a culture after t hours is P(t) = 500e^(0.3t). At what rate is the population growing after 5 hours, and what is the relative growth rate P'(t)/P(t)?",CALCULUS,derivatives,en,synthetic,der_population_growth_rate_01,pending
calc_0135,"The cost of producing x units of a product is C(x) = 1000 + 20x + 0.01x^2 dollars. Find the marginal cost C'(100) and compare it with the actual extra cost of producing the 101st unit.",CALCULUS,derivatives,en,synthetic,der_marginal_cost_compare_01,pending
calc_0136,"Find all points on the graph of y = x^3 - 3x^2 - 9x + 5 at which the tangent line is horizontal.",CALCULUS,derivatives,en,synthetic,der_horizontal_tangents_01,pending
calc_0137,"Find a point on the parabola y = x^2 at which the tangent line is parallel to the line 4x - y = 7.",CALCULUS,derivatives,en,synthetic,der_parallel_tangent_01,pending
calc_0138,"Prove the product rule: if f and g are differentiable at x, then (fg)'(x) = f'(x)g(x) + f(x)g'(x).",CALCULUS,derivatives,en,synthetic,der_product_rule_proof_01,pending
calc_0139,"Compute the first three derivatives of f(x) = x^4 ln(x) for x > 0, and write the third derivative in simplest form.",CALCULUS,derivatives,en,synthetic,der_third_derivative_log_01,pending
calc_0140,"Find the derivative of f(x) = sqrt(x + sqrt(x)) for x > 0, applying the chain rule twice, and simplify the result.",CALCULUS,derivatives,en,synthetic,der_nested_root_01,pending
calc_0141,"A particle moves along the curve given by x = t^2 + 1 and y = t^3 - 3t. Find the slope dy/dx of its path at the moment t = 2, and write the equation of the tangent line there.",CALCULUS,derivatives,en,synthetic,der_parametric_first_01,pending
calc_0142,"For the parametric curve x = 2t + 1, y = t^3, use the formula for d^2y/dx^2 in terms of derivatives with respect to t to decide whether the curve is concave up or down at t = 1.",CALCULUS,derivatives,en,synthetic,der_parametric_second_01,pending
calc_0143,"The cost of a data structure is modeled by f(x) = log_2(x^2 + 1). Find f'(x), using the change-of-base formula or the derivative of a logarithm in base 2.",CALCULUS,derivatives,en,synthetic,der_log_base_two_01,pending
calc_0144,"Suppose f'(x) = x^2 for all real x and f(0) = 1. Without finding f, compute the derivative of g(x) = f(x^2) at x = 1.",CALCULUS,derivatives,en,synthetic,der_chain_given_derivative_01,pending
calc_0145,"Differentiate f(x) = ln|sec(x) + tan(x)| for -π/2 < x < π/2.",CALCULUS,derivatives,en,synthetic,der_log_sec_tan_01,pending
calc_0146,"A farmer has 240 meters of fencing and wants to enclose a rectangular pasture along a straight river. The side along the river needs no fence. What is the largest area the pasture can have?",CALCULUS,derivative_applications,en,synthetic,opt_fencing_river_01,pending
calc_0147,"A sensor is placed at the point (4, 0), and a cable must be attached to the curve y = sqrt(x). Find the point of the curve closest to the sensor by minimizing the squared distance.",CALCULUS,derivative_applications,en,synthetic,opt_closest_point_curve_01,pending
calc_0148,"A closed cylindrical can must hold exactly 1000 cubic centimeters. Find the radius and height that minimize the total amount of metal used for the can.",CALCULUS,derivative_applications,en,synthetic,opt_cylinder_can_01,pending
calc_0149,"A rectangle is inscribed in a semicircle of radius 5 with one side lying along the diameter. What is the largest possible area of such a rectangle?",CALCULUS,derivative_applications,en,synthetic,opt_rectangle_in_semicircle_01,pending
calc_0150,"A window is shaped like a rectangle topped by a semicircle whose diameter equals the width of the rectangle. If the perimeter of the window is 12 meters, what dimensions give the greatest area?",CALCULUS,derivative_applications,en,synthetic,opt_norman_window_01,pending
calc_0151,"The revenue from selling x units of a product is R(x) = 50x - 0.02x^2 dollars, and the cost of producing them is C(x) = 10x + 2000 dollars. How many units should be sold to maximize profit?",CALCULUS,derivative_applications,en,synthetic,opt_profit_quadratic_01,pending
calc_0152,"A spherical snowball melts in such a way that its surface area decreases at a constant rate of 2 cm^2 per minute. How fast is its radius decreasing when the radius is 4 cm?",CALCULUS,derivative_applications,en,synthetic,rr_melting_snowball_01,pending
calc_0153,"Two cars leave the same point at the same time, one heading north at 60 km/h and the other heading east at 80 km/h. How fast is the distance between them increasing after 2 hours?",CALCULUS,derivative_applications,en,synthetic,rr_two_cars_distance_01,pending
calc_0154,"A person 6 feet tall walks away from a 15-foot lamppost at a speed of 4 feet per second. How fast is the tip of the person's shadow moving away from the lamppost?",CALCULUS,derivative_applications,en,synthetic,rr_shadow_lamppost_01,pending
calc_0155,"A kite flies at a constant height of 80 meters, and the wind carries it horizontally away from the person holding the string at 5 meters per second. How fast is the string being let out at the moment when 100 meters of string are out?",CALCULUS,derivative_applications,en,synthetic,rr_kite_string_01,pending
calc_0156,"A camera is located 2 km from the launch pad of a rocket that rises vertically. When the rocket is 1.5 km above the ground and rising at 300 km/h, how fast is the camera's angle of elevation to the rocket changing?",CALCULUS,derivative_applications,en,synthetic,rr_camera_rocket_01,pending
calc_0157,"A quick estimate of sqrt(16.2) is needed without a calculator. Use the linear approximation of f(x) = sqrt(x) at a = 16, and say whether the estimate is an overestimate or an underestimate.",CALCULUS,derivative_applications,en,synthetic,approx_linear_sqrt_01,pending
calc_0158,"Use differentials to estimate the change in the volume of a cube when its edge length increases from 10 cm to 10.1 cm.",CALCULUS,derivative_applications,en,synthetic,approx_differential_cube_01,pending
calc_0159,"Find the critical points of f(x) = x^4 - 4x^3 and decide whether each is a local maximum, a local minimum, or neither.",CALCULUS,derivative_applications,en,synthetic,crit_quartic_01,pending
calc_0160,"Find the intervals on which g(x) = x/(x^2 + 1) is increasing or decreasing, and identify its local extrema.",CALCULUS,derivative_applications,en,synthetic,mono_rational_extrema_01,pending
calc_0161,"Find the inflection points of f(x) = x^4 - 6x^2 and describe where f is concave up and concave down.",CALCULUS,derivative_applications,en,synthetic,infl_quartic_01,pending
calc_0162,"Find the absolute maximum and minimum values of f(x) = x - 2 sin(x) on the interval [0, 2π].",CALCULUS,derivative_applications,en,synthetic,extrema_trig_interval_01,pending
calc_0163,"Show that the graph of y = e^x lies on or above its tangent line at x = 0, and conclude that e^x ≥ 1 + x for every real number x.",CALCULUS,derivative_applications,en,synthetic,ineq_exp_tangent_01,pending
calc_0164,"By analyzing g(x) = x - 1 - ln(x) on (0, ∞), or by comparing ln(x) with its tangent line at x = 1, prove that ln(x) ≤ x - 1 for all x > 0.",CALCULUS,derivative_applications,en,synthetic,ineq_log_bound_01,pending
calc_0165,"Show that f(x) = x^3 - 3x + c has at most one root in the interval [-1, 1], no matter what the constant c is.",CALCULUS,derivative_applications,en,synthetic,rolle_at_most_one_root_01,pending
calc_0166,"A car travels 150 km along a straight highway in exactly 2 hours. Prove that at some instant its speed was exactly 75 km/h.",CALCULUS,derivative_applications,en,synthetic,mvt_average_speed_01,pending
calc_0167,"Find the number of real solutions of x^3 - 3x^2 + 5 = 0 by locating the local extrema of f(x) = x^3 - 3x^2 + 5 and examining the signs of f at those points.",CALCULUS,derivative_applications,en,synthetic,count_real_roots_cubic_01,pending
calc_0168,"Find the radius and height of the right circular cone of greatest volume that can be inscribed in a sphere of radius 3.",CALCULUS,derivative_applications,en,synthetic,opt_cone_in_sphere_01,pending
calc_0169,"A poster must have 300 cm^2 of printed area, with margins of 2 cm at the top and bottom and 3 cm on each side. Find the overall dimensions of the poster that minimize its total area.",CALCULUS,derivative_applications,en,synthetic,opt_poster_margins_01,pending
calc_0170,"A 20 cm piece of wire is cut into two pieces. One piece is bent into a square and the other into a circle. How should the wire be cut so that the total enclosed area is as small as possible?",CALCULUS,derivative_applications,en,synthetic,opt_wire_square_circle_01,pending
calc_0171,"A boat must travel from a point A on one bank of a straight river 3 km wide to a point B on the opposite bank, 8 km downstream from the point directly across from A. It can row at 6 km/h and walk along the bank at 10 km/h. At what point on the opposite bank should it land to make the trip as quick as possible?",CALCULUS,derivative_applications,en,synthetic,opt_river_crossing_time_01,pending
calc_0172,"The concentration of a medication t hours after it is taken is C(t) = 5t e^(-t/2) mg/L for t ≥ 0. At what time is the concentration greatest, and what is that maximum concentration?",CALCULUS,derivative_applications,en,synthetic,opt_drug_peak_01,pending
calc_0173,"Prove that among all rectangles with a fixed perimeter P, the square has the largest area.",CALCULUS,derivative_applications,en,synthetic,opt_rectangle_perimeter_proof_01,pending
calc_0174,"Find constants a and b such that f(x) = x^3 + ax^2 + bx has a local maximum at x = -1 and a local minimum at x = 3.",CALCULUS,derivative_applications,en,synthetic,crit_find_coefficients_01,pending
calc_0175,"A particle moves along the x-axis with position x(t) = t^3 - 9t^2 + 24t for t ≥ 0. Find the total distance the particle travels during the first 5 seconds.",CALCULUS,derivative_applications,en,synthetic,motion_total_distance_01,pending
calc_0176,"Use the second derivative test to classify the critical points of f(x) = x^3 - 12x + 5.",CALCULUS,derivative_applications,en,synthetic,crit_second_derivative_test_01,pending
calc_0177,"Find the linearization of f(x) = ln(x) at a = 1 and use it to approximate ln(1.05).",CALCULUS,derivative_applications,en,synthetic,approx_linearization_log_01,pending
calc_0178,"Find the general antiderivative of f(x) = 3x^2 - 4x + 5, and then find the particular antiderivative whose graph passes through the point (1, 2).",CALCULUS,integrals,en,synthetic,int_polynomial_basic_01,pending
calc_0179,"Find the area under the graph of y = sqrt(x) + 1/x between x = 1 and x = 4 by evaluating ∫_1^4 (sqrt(x) + 1/x) dx.",CALCULUS,integrals,en,synthetic,int_root_plus_reciprocal_01,pending
calc_0180,"Compute ∫ sin(3x) cos(3x) dx in two ways, with a substitution and with a double-angle identity, and explain why the two answers differ only by a constant.",CALCULUS,integrals,en,synthetic,int_sine_cosine_product_01,pending
calc_0181,"Evaluate ∫ x/(x^2 + 4) dx using the substitution u = x^2 + 4, and check your answer by differentiating it.",CALCULUS,integrals,en,synthetic,int_log_substitution_01,pending
calc_0182,"Evaluate ∫ e^(2x) cos(x) dx by applying integration by parts twice and solving the resulting equation for the integral.",CALCULUS,integrals,en,synthetic,int_by_parts_twice_exp_cos_01,pending
calc_0183,"Find the exact value of ∫_0^{π/4} tan(x) dx by writing tan(x) as sin(x)/cos(x) and using a substitution.",CALCULUS,integrals,en,synthetic,int_tangent_definite_01,pending
calc_0184,"Complete the square in the denominator to evaluate ∫ 1/(x^2 + 2x + 5) dx.",CALCULUS,integrals,en,synthetic,int_complete_square_arctan_01,pending
calc_0185,"Evaluate ∫ dx/(x sqrt(x^2 - 1)) for x > 1.",CALCULUS,integrals,en,synthetic,int_arcsecant_form_01,pending
calc_0186,"Find ∫ (2x + 3)/(x^2 + 3x - 4) dx on an interval where x^2 + 3x - 4 ≠ 0.",CALCULUS,integrals,en,synthetic,int_log_derivative_numerator_01,pending
calc_0187,"Evaluate ∫_0^1 x^2 sqrt(1 - x^3) dx using a suitable substitution, and change the limits of integration accordingly.",CALCULUS,integrals,en,synthetic,int_substitution_cube_root_form_01,pending
calc_0188,"Evaluate ∫ ln(x)/x dx for x > 0, and explain which substitution makes the integral straightforward.",CALCULUS,integrals,en,synthetic,int_log_over_x_01,pending
calc_0189,"Use integration by parts to evaluate the definite integral ∫_0^π x sin(x) dx, and interpret the result as a signed area.",CALCULUS,integrals,en,synthetic,int_by_parts_x_sine_definite_01,pending
calc_0190,"Find ∫ x^3 e^(x^2) dx by first substituting u = x^2 and then integrating by parts.",CALCULUS,integrals,en,synthetic,int_substitution_then_parts_01,pending
calc_0191,"Evaluate ∫ sec^2(x) tan^3(x) dx using the substitution suggested by the derivative of tan(x).",CALCULUS,integrals,en,synthetic,int_trig_powers_secant_tangent_01,pending
calc_0192,"Use a trigonometric substitution to find ∫ dx/(x^2 sqrt(x^2 + 4)) for x > 0.",CALCULUS,integrals,en,synthetic,int_trig_substitution_tangent_01,pending
calc_0193,"For which values of p does ∫_1^∞ x^(-p) dx converge? Evaluate the integral in those cases.",CALCULUS,integrals,en,synthetic,int_improper_p_test_01,pending
calc_0194,"The integrand ln(x) is unbounded near x = 0. Decide whether ∫_0^1 ln(x) dx converges, and find its value if it does.",CALCULUS,integrals,en,synthetic,int_improper_log_at_zero_01,pending
calc_0195,"The integrand 1/sqrt(1 - x^2) is unbounded near x = 1. Decide whether ∫_0^1 dx/sqrt(1 - x^2) converges, and find its value if it does.",CALCULUS,integrals,en,synthetic,int_improper_arcsine_endpoint_01,pending
calc_0196,"Does ∫_1^∞ sin^2(x)/x^2 dx converge? Justify your answer.",CALCULUS,integrals,en,synthetic,int_improper_comparison_test_01,pending
calc_0197,"Evaluate the improper integral ∫_{-∞}^{∞} 1/(1 + x^2) dx by splitting it at 0 and using an antiderivative.",CALCULUS,integrals,en,synthetic,int_improper_whole_line_arctan_01,pending
calc_0198,"Find the function f with f'(x) = 3 sin(x) + 2x and f(0) = 4.",CALCULUS,integrals,en,synthetic,int_antiderivative_initial_trig_01,pending
calc_0199,"A car traveling at 20 meters per second brakes with a constant deceleration of 8 meters per second squared. How far does it travel before coming to a stop?",CALCULUS,integrals,en,synthetic,int_braking_distance_01,pending
calc_0200,"A tree's height grows at the rate h'(t) = 0.5/sqrt(t + 1) meters per year, where t is measured in years. If the tree is 1 meter tall at t = 0, how tall is it at t = 8?",CALCULUS,integrals,en,synthetic,int_tree_height_growth_01,pending
calc_0201,"Use the half-angle identity for sin^2(x) to evaluate ∫_0^{π/2} sin^2(x) dx.",CALCULUS,integrals,en,synthetic,int_sine_squared_half_angle_01,pending
calc_0202,"Find ∫ (x^2 + 1)/((x - 1)(x + 2)) dx on an interval not containing 1 or -2.",CALCULUS,integrals,en,synthetic,int_partial_fractions_equal_degree_01,pending
calc_0203,"Evaluate ∫ dx/(1 + e^x) by multiplying the numerator and denominator by e^(-x), or by a substitution such as u = e^x.",CALCULUS,integrals,en,synthetic,int_exponential_rational_01,pending
calc_0204,"Use a trigonometric identity to rewrite tan^2(x), and then compute ∫ tan^2(x) dx.",CALCULUS,integrals,en,synthetic,int_tangent_squared_01,pending
calc_0205,"Evaluate ∫_0^1 arctan(x) dx by integration by parts, taking arctan(x) as the function to differentiate.",CALCULUS,integrals,en,synthetic,int_by_parts_arctan_01,pending
calc_0206,"Find ∫ sqrt(x) ln(x) dx for x > 0 by choosing u = ln(x) and dv = sqrt(x) dx, and simplify the result.",CALCULUS,integrals,en,synthetic,int_by_parts_root_log_01,pending
calc_0207,"Use the substitution u = ln(x) to evaluate ∫_e^(e^2) dx/(x ln(x)).",CALCULUS,integrals,en,synthetic,int_substitution_ln_ln_01,pending
calc_0208,"Use the Fundamental Theorem of Calculus to evaluate ∫_{-1}^{2} (x^3 - 2x) dx.",CALCULUS,integrals,en,synthetic,int_ftc_cubic_definite_01,pending
calc_0209,"Prove that ∫_{-a}^{a} f(x) dx = 0 whenever f is a continuous odd function on [-a, a].",CALCULUS,integrals,en,synthetic,int_odd_function_symmetry_proof_01,pending
calc_0210,"Show that if f is continuous on [a, b], then |∫_a^b f(x) dx| ≤ ∫_a^b |f(x)| dx.",CALCULUS,integrals,en,synthetic,int_absolute_value_inequality_proof_01,pending
calc_0211,"A radioactive sample emits at the rate e^(-3t) units per hour at time t hours. Find the total amount emitted over all time, ∫_0^∞ e^(-3t) dt.",CALCULUS,integrals,en,synthetic,int_improper_exponential_decay_01,pending
calc_0212,"Approximate ∫_0^1 x^2 dx using the trapezoidal rule with 4 equal subintervals.",CALCULUS,integrals,en,synthetic,int_trapezoid_rule_01,pending
calc_0213,"Approximate ∫_1^3 1/x dx using the midpoint rule with 4 equal subintervals.",CALCULUS,integrals,en,synthetic,int_midpoint_rule_01,pending
calc_0214,"Find the positive number a for which ∫_0^a (2x + 1) dx = 12.",CALCULUS,integrals,en,synthetic,int_solve_for_upper_limit_01,pending
calc_0215,"Find the area of the region bounded by y = sin(x), y = cos(x), x = 0, and x = π/4.",CALCULUS,integral_applications,en,synthetic,app_area_sine_cosine_01,pending
calc_0216,"Find the area of the region enclosed by the curve x = y^2 and the line y = x - 2.",CALCULUS,integral_applications,en,synthetic,app_area_parabola_line_in_y_01,pending
calc_0217,"Find the area of the region that lies under the curve y = 1/(1 + x^2) and above the x-axis for x ≥ 0.",CALCULUS,integral_applications,en,synthetic,app_area_unbounded_arctan_01,pending
calc_0218,"The region bounded by y = x^2 and y = 4 is rotated about the x-axis. Find the volume of the resulting solid.",CALCULUS,integral_applications,en,synthetic,app_volume_washer_parabola_line_01,pending
calc_0219,"Find the volume of the torus obtained by rotating the disk (x - 3)^2 + y^2 ≤ 1 about the y-axis.",CALCULUS,integral_applications,en,synthetic,app_volume_torus_01,pending
calc_0220,"Use cylindrical shells to find the volume of the solid obtained by rotating the region bounded by y = x^2, y = 0, and x = 2 about the y-axis.",CALCULUS,integral_applications,en,synthetic,app_volume_shells_parabola_01,pending
calc_0221,"Derive the formula for the volume of a sphere of radius r using integration.",CALCULUS,integral_applications,en,synthetic,app_volume_sphere_derivation_01,pending
calc_0222,"A solid has a circular base of radius 2. Every cross section perpendicular to a fixed diameter of the base is a square. Find the volume of the solid.",CALCULUS,integral_applications,en,synthetic,app_volume_square_cross_sections_01,pending
calc_0223,"A path in the plane follows the curve y = ln(cos(x)) for 0 ≤ x ≤ π/4. Find the length of the path.",CALCULUS,integral_applications,en,synthetic,app_arc_length_log_cosine_01,pending
calc_0224,"Find the area of the surface obtained by rotating the curve y = sqrt(x), 0 ≤ x ≤ 2, about the x-axis.",CALCULUS,integral_applications,en,synthetic,app_surface_area_root_curve_01,pending
calc_0225,"A thin rod of length 4 meters has density ρ(x) = 3 + x kilograms per meter at distance x meters from its left end. Find the total mass of the rod and the position of its center of mass.",CALCULUS,integral_applications,en,synthetic,app_mass_center_rod_01,pending
calc_0226,"A spring has natural length 0.5 m. A force of 20 N holds it stretched to a length of 0.7 m. How much work is required to stretch it from 0.7 m to 0.9 m? Assume Hooke's law.",CALCULUS,integral_applications,en,synthetic,app_work_spring_01,pending
calc_0227,"A cylindrical tank of radius 2 meters and height 5 meters is full of water, which has density 1000 kg/m^3. Find the work needed to pump all the water out over the top of the tank. Use g = 9.8 m/s^2.",CALCULUS,integral_applications,en,synthetic,app_work_pumping_tank_01,pending
calc_0228,"A uniform cable 30 meters long with mass 2 kilograms per meter hangs vertically from the top of a building. How much work is needed to pull the entire cable up to the top? Use g = 9.8 m/s^2.",CALCULUS,integral_applications,en,synthetic,app_work_hanging_cable_01,pending
calc_0229,"A vertical rectangular dam wall is 20 meters wide and 10 meters high, and the water behind it reaches the top. Find the total hydrostatic force on the wall. The density of water is 1000 kg/m^3; use g = 9.8 m/s^2.",CALCULUS,integral_applications,en,synthetic,app_force_dam_wall_01,pending
calc_0230,"A town's population grows at the rate P'(t) = 200e^(0.05t) people per year, where t is measured in years. By how much does the population increase during the first 10 years?",CALCULUS,integral_applications,en,synthetic,app_total_change_population_01,pending
calc_0231,"The electricity demand of a city is 500 + 200 sin(πt/12) megawatts at time t hours after midnight. How much energy (in megawatt-hours) is used during a full 24-hour day?",CALCULUS,integral_applications,en,synthetic,app_total_energy_demand_01,pending
calc_0232,"Find the average value of f(x) = x^2 on the interval [0, 3], and find a point c in the interval at which f(c) equals that average.",CALCULUS,integral_applications,en,synthetic,app_average_value_point_01,pending
calc_0233,"Find the total area of the region enclosed by the graph of y = x^3 - x and the x-axis.",CALCULUS,integral_applications,en,synthetic,app_area_cubic_lobes_01,pending
calc_0234,"A ball is thrown straight up from the top of a 50-meter building with an initial speed of 20 m/s. Taking the acceleration to be a constant 10 m/s^2 downward, use integration to find the maximum height of the ball above the ground.",CALCULUS,integral_applications,en,synthetic,app_projectile_max_height_01,pending
calc_0235,"Find the area of the region between the curves y = e^x and y = e^(-x) for 0 ≤ x ≤ ln(2).",CALCULUS,integral_applications,en,synthetic,app_area_exponential_pair_01,pending
calc_0236,"A tank holds 500 liters at time t = 0. Water flows in at a rate of 30 + 2t liters per minute and drains at a constant 40 liters per minute, for 0 ≤ t ≤ 20 minutes. At what time is the volume in the tank smallest, and how much water is in the tank then?",CALCULUS,integral_applications,en,synthetic,app_net_change_tank_minimum_01,pending
calc_0237,"The region bounded by y = x^2 and y = 2x is rotated about the line y = 4. Find the volume of the resulting solid.",CALCULUS,integral_applications,en,synthetic,app_volume_washer_about_line_01,pending
calc_0238,"Set up, but do not evaluate, an integral for the length of the curve y = sin(x) for 0 ≤ x ≤ π.",CALCULUS,integral_applications,en,synthetic,app_arc_length_sine_setup_01,pending
calc_0239,"The demand curve for a product is p = 100 - 0.5q dollars per unit, and the market price is 60 dollars per unit. Find the consumer surplus.",CALCULUS,integral_applications,en,synthetic,app_consumer_surplus_01,pending
calc_0240,"A thin metal plate of uniform density occupies the region bounded by y = x^2 and y = 4. Find the coordinates of its centroid.",CALCULUS,integral_applications,en,synthetic,app_centroid_parabola_region_01,pending
calc_0241,"Use integration to show that the volume of a cone with base radius r and height h is (1/3)πr^2 h.",CALCULUS,integral_applications,en,synthetic,app_volume_cone_derivation_01,pending
calc_0242,"Find the area enclosed by the ellipse x^2/9 + y^2/4 = 1 by setting up and evaluating a definite integral, and check your result against the formula πab.",CALCULUS,integral_applications,en,synthetic,app_area_ellipse_01,pending
calc_0243,"Find lim_{n→∞} (2n^2 + 3n)/(5n^2 - 1) by dividing the numerator and denominator by the highest power of n.",CALCULUS,sequences,en,synthetic,seq_rational_ratio_leading_terms_01,pending
calc_0244,"Does the sequence a_n = sqrt(n + 1) - sqrt(n) converge? If so, find its limit.",CALCULUS,sequences,en,synthetic,seq_root_difference_01,pending
calc_0245,"An investment multiplies by (1 + 2/n) each period, repeated 3n times. Find the limit of (1 + 2/n)^(3n) as n → ∞, recognizing the form of e^k.",CALCULUS,sequences,en,synthetic,seq_compound_growth_e_power_01,pending
calc_0246,"Does the sequence a_n = n sin(π/n) converge? If so, what is its limit?",CALCULUS,sequences,en,synthetic,seq_n_sine_reciprocal_01,pending
calc_0247,"Show that the sequence a_n = n^2/2^n is eventually decreasing, and find its limit.",CALCULUS,sequences,en,synthetic,seq_polynomial_over_exponential_01,pending
calc_0248,"The sequence is defined by a_1 = 1 and a_{n+1} = (1/2)(a_n + 2/a_n) for n ≥ 1. Assuming it converges, find its limit, and explain why the limit must be positive.",CALCULUS,sequences,en,synthetic,seq_recursive_newton_form_01,pending
calc_0249,"Prove that every convergent sequence of real numbers is bounded.",CALCULUS,sequences,en,synthetic,seq_convergent_implies_bounded_01,pending
calc_0250,"Give an example of a bounded sequence that has no limit, and explain why it does not converge.",CALCULUS,sequences,en,synthetic,seq_bounded_divergent_example_01,pending
calc_0251,"Find lim_{n→∞} (cuberoot(n^3 + n) - n), for example by using the identity a^3 - b^3 = (a - b)(a^2 + ab + b^2) or by factoring n out of the cube root.",CALCULUS,sequences,en,synthetic,seq_cube_root_difference_01,pending
calc_0252,"Find lim_{n→∞} n^(1/n) by writing the expression as e^(ln(n)/n).",CALCULUS,sequences,en,synthetic,seq_nth_root_of_n_01,pending
calc_0253,"Find lim_{n→∞} (3^n + 5^n)^(1/n) by bounding the expression between two simpler ones and applying the squeeze theorem.",CALCULUS,sequences,en,synthetic,seq_dominant_term_root_01,pending
calc_0254,"Use the Monotone Convergence Theorem to show that the sequence s_n = 1 + 1/2^2 + 1/3^2 + ... + 1/n^2 converges.",CALCULUS,sequences,en,synthetic,seq_partial_sums_monotone_bounded_01,pending
calc_0255,"The numerator sin(n) oscillates but stays bounded, while the denominator n grows. Use the squeeze theorem to find lim_{n→∞} sin(n)/n.",CALCULUS,sequences,en,synthetic,seq_bounded_over_n_01,pending
calc_0256,"A ball is dropped from a height of 10 meters, and after each bounce it rises to 60% of its previous height. After how many bounces does its rebound height first fall below 1 centimeter?",CALCULUS,sequences,en,synthetic,seq_bounce_height_threshold_01,pending
calc_0257,"Rewrite ((n + 3)/(n + 1))^n as (1 + 2/(n + 1))^n and find its limit as n → ∞.",CALCULUS,sequences,en,synthetic,seq_ratio_power_e_squared_01,pending
calc_0258,"Show that the sequence a_n = (2n)!/(n!)^2 is increasing for n ≥ 1 and diverges to infinity.",CALCULUS,sequences,en,synthetic,seq_central_binomial_growth_01,pending
calc_0259,"Use the formula for the sum of the first n positive integers to evaluate lim_{n→∞} (1 + 2 + 3 + ... + n)/n^2.",CALCULUS,sequences,en,synthetic,seq_arithmetic_sum_over_square_01,pending
calc_0260,"Find lim_{n→∞} ln(n)/sqrt(n) by comparing the growth rates of the logarithm and the square root, for example with L'Hôpital's rule applied to the corresponding function of a real variable.",CALCULUS,sequences,en,synthetic,seq_log_over_root_01,pending
calc_0261,"Prove, using the definition of convergence of a sequence, that lim_{n→∞} 1/n = 0.",CALCULUS,sequences,en,synthetic,seq_epsilon_n_definition_01,pending
calc_0262,"Show that if a_n → L, then |a_n| → |L|.",CALCULUS,sequences,en,synthetic,seq_absolute_value_limit_01,pending
calc_0263,"Show that the sequence a_n = n/(n + 1) is increasing and bounded above by 1.",CALCULUS,sequences,en,synthetic,seq_increasing_bounded_simple_01,pending
calc_0264,"Compare polynomial and exponential growth to find lim_{n→∞} n^2 e^(-n), and justify which factor dominates.",CALCULUS,sequences,en,synthetic,seq_polynomial_times_decay_01,pending
calc_0265,"Let a_1 = 1 and a_{n+1} = a_n + 1/a_n for n ≥ 1. Show that a_n → ∞.",CALCULUS,sequences,en,synthetic,seq_recursive_divergence_01,pending
calc_0266,"Divide the numerator and the denominator by the fastest-growing term to find lim_{n→∞} (2^n + 3^n)/(2^n - 3^n).",CALCULUS,sequences,en,synthetic,seq_exponential_ratio_negative_01,pending
calc_0267,"For each positive integer n, let a_n be the area under y = x^n on [0, 1], that is, a_n = ∫_0^1 x^n dx. Find lim_{n→∞} a_n and explain the answer geometrically.",CALCULUS,sequences,en,synthetic,seq_integral_terms_01,pending
calc_0268,"A geometric series has first term 3 and common ratio 2/5. Write it in sigma notation, check that it converges, and find its sum.",CALCULUS,series,en,synthetic,ser_geometric_sum_01,pending
calc_0269,"Use the nth-term test to decide whether the series Σ_{n=1}^∞ (2n + 1)/(3n - 1) converges, and state which limit you computed.",CALCULUS,series,en,synthetic,ser_nth_term_divergence_01,pending
calc_0270,"Use the ratio test to decide whether Σ_{n=1}^∞ n!/10^n converges.",CALCULUS,series,en,synthetic,ser_ratio_test_factorial_01,pending
calc_0271,"Apply the ratio test to the series Σ_{n=1}^∞ n^2/3^n and state what conclusion the test gives about its convergence.",CALCULUS,series,en,synthetic,ser_ratio_test_polynomial_exponential_01,pending
calc_0272,"Use the root test to decide whether Σ_{n=1}^∞ (1 + 1/n)^(n^2) converges.",CALCULUS,series,en,synthetic,ser_root_test_e_01,pending
calc_0273,"For small t we have sin(t) ≈ t. Use this idea with the limit comparison test to decide whether Σ_{n=1}^∞ sin(1/n^2) converges.",CALCULUS,series,en,synthetic,ser_comparison_sine_small_01,pending
calc_0274,"Compare the terms of Σ_{n=1}^∞ 1/sqrt(n^3 + n) with those of a suitable p-series to decide whether the series converges.",CALCULUS,series,en,synthetic,ser_comparison_root_denominator_01,pending
calc_0275,"Does Σ_{n=1}^∞ (-1)^(n+1) n/(n^2 + 1) converge absolutely, converge conditionally, or diverge?",CALCULUS,series,en,synthetic,ser_alternating_conditional_rational_01,pending
calc_0276,"Find the sum of Σ_{n=1}^∞ (1/2^n + 1/3^n) by splitting it into two geometric series and adding their sums.",CALCULUS,series,en,synthetic,ser_sum_of_two_geometric_01,pending
calc_0277,"Express the repeating decimal 0.727272... as a fraction of two integers using a geometric series.",CALCULUS,series,en,synthetic,ser_repeating_decimal_01,pending
calc_0278,"A ball is dropped from a height of 10 meters, and each time it hits the ground it bounces back up to 60% of the height it fell from. Find the total vertical distance the ball travels before coming to rest.",CALCULUS,series,en,synthetic,ser_bouncing_ball_distance_01,pending
calc_0279,"Use the ratio test to find the radius of convergence and the interval of convergence of the power series Σ_{n=0}^∞ x^n/n!.",CALCULUS,series,en,synthetic,ser_power_series_exponential_01,pending
calc_0280,"Find the radius of convergence of the series Σ_{n=1}^∞ n! x^n.",CALCULUS,series,en,synthetic,ser_power_series_factorial_radius_01,pending
calc_0281,"Find the interval of convergence of Σ_{n=1}^∞ (x + 1)^n/(n^2 4^n).",CALCULUS,series,en,synthetic,ser_power_series_p_endpoints_01,pending
calc_0282,"Find a power series for f(x) = 1/(1 + x^2) centered at 0, and use it to obtain a power series for arctan(x).",CALCULUS,series,en,synthetic,ser_arctan_from_geometric_01,pending
calc_0283,"Multiply the Maclaurin series of cos(x) by x to find the first four nonzero terms of the Maclaurin series of x cos(x).",CALCULUS,series,en,synthetic,ser_maclaurin_x_cosine_01,pending
calc_0284,"Find the Taylor polynomial of degree 3 for f(x) = sqrt(x) centered at a = 4.",CALCULUS,series,en,synthetic,ser_taylor_sqrt_at_four_01,pending
calc_0285,"Expand sin(x) as a Maclaurin series and use it to evaluate lim_{x→0} (sin(x) - x + x^3/6)/x^5.",CALCULUS,series,en,synthetic,ser_limit_via_maclaurin_01,pending
calc_0286,"Use a power series to approximate ∫_0^{1/2} e^(-x^2) dx with an error less than 0.001.",CALCULUS,series,en,synthetic,ser_integral_approximation_01,pending
calc_0287,"Find the sum of Σ_{n=1}^∞ n/2^n, for example by differentiating a geometric series term by term or by working with the partial sums.",CALCULUS,series,en,synthetic,ser_arithmetico_geometric_01,pending
calc_0288,"Determine whether Σ_{n=1}^∞ (ln(n + 1) - ln(n)) converges by examining its partial sums.",CALCULUS,series,en,synthetic,ser_log_telescoping_diverges_01,pending
calc_0289,"Use the integral test or a comparison with a p-series to decide whether Σ_{n=2}^∞ ln(n)/n^2 converges.",CALCULUS,series,en,synthetic,ser_log_over_square_01,pending
calc_0290,"How large an error can result from using the sum of the first 10 terms of Σ_{n=1}^∞ 1/n^2 as an approximation to the whole sum? Give a bound using an integral.",CALCULUS,series,en,synthetic,ser_remainder_integral_bound_01,pending
calc_0291,"How many terms of Σ_{n=1}^∞ (-1)^(n+1)/n^3 must be added to approximate the sum with an error of less than 0.0001?",CALCULUS,series,en,synthetic,ser_alternating_error_bound_01,pending
calc_0292,"Prove that if Σ a_n converges, then lim_{n→∞} a_n = 0.",CALCULUS,series,en,synthetic,ser_nth_term_test_proof_01,pending
calc_0293,"Prove that the harmonic series Σ_{n=1}^∞ 1/n diverges.",CALCULUS,series,en,synthetic,ser_harmonic_divergence_proof_01,pending
calc_0294,"Prove that if Σ |a_n| converges, then Σ a_n converges.",CALCULUS,series,en,synthetic,ser_absolute_convergence_proof_01,pending
calc_0295,"For which real numbers x does Σ_{n=0}^∞ (x^2 - 1)^n converge, and what is its sum?",CALCULUS,series,en,synthetic,ser_geometric_in_x_01,pending
calc_0296,"The series Σ_{n=1}^∞ (-1)^n cos(1/n) alternates in sign. Decide whether it converges, checking carefully whether the terms tend to 0.",CALCULUS,series,en,synthetic,ser_alternating_no_zero_limit_01,pending
calc_0297,"Use the limit comparison test with the harmonic series to decide whether Σ_{n=1}^∞ n^2/(n^3 + 5) converges.",CALCULUS,series,en,synthetic,ser_limit_comparison_harmonic_01,pending
calc_0298,"A patient takes a 100 mg dose of a drug every day, and by the time of the next dose, 30% of the drug present has been eliminated. Find the long-run amount of the drug in the body immediately after a dose.",CALCULUS,series,en,synthetic,ser_drug_accumulation_01,pending
calc_0299,"Use the binomial series to write the first three terms of the expansion of sqrt(1 + x) about x = 0.",CALCULUS,series,en,synthetic,ser_binomial_square_root_01,pending
calc_0300,"Determine all real numbers p for which Σ_{n=2}^∞ 1/(n (ln(n))^p) converges.",CALCULUS,series,en,synthetic,ser_log_p_integral_test_01,pending
calc_0301,"Use the Maclaurin series of arctan(x) to find the exact sum of the series Σ_{n=0}^∞ (-1)^n/(2n + 1).",CALCULUS,series,en,synthetic,ser_leibniz_from_arctan_01,pending
calc_0302,"Determine the domain of f(x, y) = ln(4 - x^2 - y^2) + sqrt(x), describe it geometrically, and sketch the region in the xy-plane.",CALCULUS,multivariable_calculus,en,synthetic,mv_domain_log_sqrt_01,pending
calc_0303,"Evaluate lim_{(x,y)→(0,0)} x^2 y/(x^2 + y^2), or show that it does not exist.",CALCULUS,multivariable_calculus,en,synthetic,mv_limit_squeeze_zero_01,pending
calc_0304,"Show that lim_{(x,y)→(0,0)} xy/(x^2 + y^2) does not exist.",CALCULUS,multivariable_calculus,en,synthetic,mv_limit_path_dependence_01,pending
calc_0305,"Find the equation of the tangent plane to the surface z = x^2 + 3y^2 at the point (1, 2, 13).",CALCULUS,multivariable_calculus,en,synthetic,mv_tangent_plane_01,pending
calc_0306,"A quantity z = x^2 y depends on position (x, y) = (cos(t), e^t) at time t. Use the chain rule to find dz/dt, and evaluate it at t = 0.",CALCULUS,multivariable_calculus,en,synthetic,mv_chain_rule_curve_01,pending
calc_0307,"The equation x^2 + y^2 + z^2 = 3xyz defines z implicitly as a function of x and y near suitable points. Find ∂z/∂x by implicit differentiation.",CALCULUS,multivariable_calculus,en,synthetic,mv_implicit_partial_01,pending
calc_0308,"Find all second-order partial derivatives of f(x, y) = x^3 y^2 - 4xy, and verify that f_xy = f_yx.",CALCULUS,multivariable_calculus,en,synthetic,mv_mixed_partials_01,pending
calc_0309,"Show that u(x, t) = sin(x - ct) satisfies the wave equation u_tt = c^2 u_xx.",CALCULUS,multivariable_calculus,en,synthetic,mv_wave_equation_check_01,pending
calc_0310,"Find the critical point of f(x, y) = x^2 + xy + y^2 - 3x, and use the second derivative test to decide whether it is a local maximum, a local minimum, or a saddle point.",CALCULUS,multivariable_calculus,en,synthetic,mv_critical_point_quadratic_01,pending
calc_0311,"Find the absolute maximum and minimum values of f(x, y) = x^2 + y^2 - 2x on the closed disk x^2 + y^2 ≤ 4.",CALCULUS,multivariable_calculus,en,synthetic,mv_extrema_closed_disk_01,pending
calc_0312,"Use Lagrange multipliers to find the point on the plane 2x + y - z = 5 that is closest to the origin.",CALCULUS,multivariable_calculus,en,synthetic,mv_lagrange_closest_point_plane_01,pending
calc_0313,"Find the dimensions of the rectangular box with volume 1000 cubic centimeters that has the smallest surface area.",CALCULUS,multivariable_calculus,en,synthetic,mv_lagrange_box_min_surface_01,pending
calc_0314,"Find the maximum value of f(x, y, z) = x + 2y + 3z on the sphere x^2 + y^2 + z^2 = 14.",CALCULUS,multivariable_calculus,en,synthetic,mv_lagrange_linear_on_sphere_01,pending
calc_0315,"Evaluate the iterated integral ∫_0^1 ∫_0^x (x + y) dy dx, and describe the triangular region of integration in the xy-plane.",CALCULUS,multivariable_calculus,en,synthetic,mv_iterated_triangular_region_01,pending
calc_0316,"Evaluate ∫∫_D xy dA, where D is the region bounded by y = x and y = x^2.",CALCULUS,multivariable_calculus,en,synthetic,mv_double_integral_between_curves_01,pending
calc_0317,"Find the volume of the solid lying under the paraboloid z = 4 - x^2 - y^2 and above the xy-plane.",CALCULUS,multivariable_calculus,en,synthetic,mv_volume_paraboloid_polar_01,pending
calc_0318,"Convert to polar coordinates to evaluate ∫∫_D e^(-(x^2 + y^2)) dA, where D is the unit disk x^2 + y^2 ≤ 1.",CALCULUS,multivariable_calculus,en,synthetic,mv_polar_gaussian_disk_01,pending
calc_0319,"Find the volume of the tetrahedron bounded by the coordinate planes and the plane x + 2y + 3z = 6.",CALCULUS,multivariable_calculus,en,synthetic,mv_volume_tetrahedron_01,pending
calc_0320,"Evaluate ∫∫∫_E z dV, where E is the solid region bounded below by z = x^2 + y^2 and above by z = 4.",CALCULUS,multivariable_calculus,en,synthetic,mv_triple_integral_paraboloid_01,pending
calc_0321,"Convert to polar coordinates and evaluate ∫_{-1}^{1} ∫_0^{sqrt(1 - x^2)} (x^2 + y^2)^(3/2) dy dx.",CALCULUS,multivariable_calculus,en,synthetic,mv_polar_half_disk_convert_01,pending
calc_0322,"Evaluate ∫∫_D (x^2 + y^2) dA, where D is the triangle with vertices (0, 0), (1, 0), and (1, 1).",CALCULUS,multivariable_calculus,en,synthetic,mv_double_integral_triangle_01,pending
calc_0323,"The temperature at a point (x, y) of a metal plate is T(x, y) = 100/(1 + x^2 + y^2) degrees Celsius. At the point (1, 2), in which direction does the temperature increase most rapidly, and what is that rate of increase?",CALCULUS,multivariable_calculus,en,synthetic,mv_temperature_gradient_plate_01,pending
calc_0324,"The temperature at each point of a room is f(x, y, z) = xyz. At the point (1, 2, 3), what is the largest possible rate of change of temperature in any direction, and in which direction is it achieved?",CALCULUS,multivariable_calculus,en,synthetic,mv_gradient_magnitude_01,pending
calc_0325,"Find the points on the surface z^2 = xy + 1 that are closest to the origin, by minimizing the squared distance to the origin subject to the constraint that the point lies on the surface.",CALCULUS,multivariable_calculus,en,synthetic,mv_closest_point_surface_01,pending
calc_0326,"Evaluate the line integral ∫_C (x + y) ds, where C is the line segment from (0, 0) to (3, 4).",CALCULUS,multivariable_calculus,en,synthetic,mv_line_integral_scalar_01,pending
calc_0327,"Show that the vector field F(x, y) = (2xy + 3, x^2 - 4y) is conservative, and find a potential function for it.",CALCULUS,multivariable_calculus,en,synthetic,mv_conservative_potential_01,pending
calc_0328,"Use Green's theorem to evaluate ∮_C (y dx + 3x dy), where C is the unit circle x^2 + y^2 = 1 traversed counterclockwise.",CALCULUS,multivariable_calculus,en,synthetic,mv_green_theorem_circle_01,pending
calc_0329,"Find the area of the part of the plane x + 2y + 2z = 6 that lies in the first octant.",CALCULUS,multivariable_calculus,en,synthetic,mv_surface_area_plane_01,pending
calc_0330,"For the vector field F(x, y, z) = (xy, yz, zx), compute the divergence and the curl, and state whether F is conservative.",CALCULUS,multivariable_calculus,en,synthetic,mv_divergence_curl_01,pending
calc_0331,"Is the function f(x, y) = x^2 y^2/(x^2 + y^2) for (x, y) ≠ (0, 0), with f(0, 0) = 0, continuous at the origin? Justify your answer.",CALCULUS,multivariable_calculus,en,synthetic,mv_continuity_at_origin_01,pending
calc_0332,"Find the linear approximation of f(x, y) = sqrt(x^2 + y^2) at the point (3, 4), and use it to estimate sqrt(3.1^2 + 3.9^2).",CALCULUS,multivariable_calculus,en,synthetic,mv_linear_approximation_01,pending
calc_0333,"The height of a surface above the rectangle 0 ≤ x ≤ 2, 0 ≤ y ≤ 3 is f(x, y) = xy. Find the average height of the surface over the rectangle.",CALCULUS,multivariable_calculus,en,synthetic,mv_average_value_rectangle_01,pending
prob_0001,"Events A and B satisfy P(A) = 0.5, P(B) = 0.4, and P(A ∪ B) = 0.7. Compute P(A ∩ B).",PROBABILITY,events,en,synthetic,events_inclusion_exclusion_01,pending
prob_0002,"A card is drawn at random from a standard 52-card deck, and you are told that it is a face card (jack, queen, or king). What is the probability that it is a heart?",PROBABILITY,conditional_probability,en,synthetic,conditional_card_face_01,pending
prob_0003,"Events A and B are independent, with P(A) = 0.3 and P(A ∪ B) = 0.65. What is P(B)?",PROBABILITY,independence,en,synthetic,independence_union_01,pending
prob_0004,"A spam filter flags 95% of spam emails and also flags 2% of legitimate emails. Suppose 30% of all incoming emails are spam. Given that a randomly chosen incoming email has been flagged, what is the probability that it is spam?",PROBABILITY,bayes_theorem,en,synthetic,bayes_spam_filter_01,pending
prob_0005,"Three students are chosen at random, without replacement, from a class of 12 girls and 8 boys. What is the probability that exactly two of the chosen students are girls?",PROBABILITY,sampling,en,synthetic,sampling_hypergeometric_01,pending
prob_0006,"A fair six-sided die is rolled twice, and the two rolls are independent. Let X denote the larger of the two numbers shown. Determine the probability mass function of X.",PROBABILITY,random_variables,en,synthetic,rv_max_two_dice_01,pending
prob_0007,"The lifetime T (in years) of a certain component is exponentially distributed with rate 0.5. Compute P(T > 3 | T > 1).",PROBABILITY,distributions,en,synthetic,exponential_memoryless_01,pending
prob_0008,"You pay 5 dollars to play a game in which a fair six-sided die is rolled. You receive, in dollars, the number shown if it is even, and nothing if it is odd. What is your expected net gain per play?",PROBABILITY,expectation,en,synthetic,expectation_die_game_01,pending
prob_0009,"Let X and Y be independent random variables with Var(X) = 4 and Var(Y) = 9. Find Var(2X - 3Y + 5).",PROBABILITY,variance,en,synthetic,variance_linear_combination_01,pending
prob_0010,"The random vector (X, Y) has joint density f(x, y) = 2 on the region 0 ≤ y ≤ x ≤ 1 and f(x, y) = 0 elsewhere. Find P(X + Y ≤ 1).",PROBABILITY,joint_distributions,en,synthetic,joint_density_triangle_01,pending
prob_0011,"A fair coin is tossed three times, and the tosses are independent. Let A be the event that at least two heads occur and B the event that the first toss is a head. Compute P(A ∪ B).",PROBABILITY,events,en,synthetic,events_coin_union_01,pending
prob_0012,"For events A and B, P(A) = 0.6 and P(B) = 0.5. What are the smallest and the largest possible values of P(A ∩ B)?",PROBABILITY,events,en,synthetic,events_bounds_intersection_01,pending
prob_0013,"Two fair six-sided dice are rolled independently. What is the probability that the sum is 8 or at least one of the dice shows a 3?",PROBABILITY,events,en,synthetic,events_dice_sum_or_three_01,pending
prob_0014,"Prove that for any two events A and B, P(A ∩ B) ≥ P(A) + P(B) - 1.",PROBABILITY,events,en,synthetic,events_bonferroni_01,pending
prob_0015,"Two cards are dealt one after the other, without replacement, from a standard 52-card deck. Given that the first card is an ace, what is the probability that the second card is also an ace?",PROBABILITY,conditional_probability,en,synthetic,conditional_two_aces_01,pending
prob_0016,"Suppose P(A) = 0.4, P(B) = 0.5, and P(A | B) = 0.6. Compute P(B | A).",PROBABILITY,conditional_probability,en,synthetic,conditional_reverse_01,pending
prob_0017,"A family has two children. It is known that at least one of them is a boy. Assuming each child is independently equally likely to be a boy or a girl, what is the probability that both children are boys?",PROBABILITY,conditional_probability,en,synthetic,conditional_two_children_01,pending
prob_0018,"A fair six-sided die is rolled repeatedly, with independent rolls, until the first six appears. Given that the first six occurs on an even-numbered roll, what is the probability that it occurs on the second roll?",PROBABILITY,conditional_probability,en,synthetic,conditional_first_six_even_01,pending
prob_0019,"The probability that a randomly chosen student passes physics is 0.7, and the probability that the student passes both physics and chemistry is 0.5. Given that the student passes physics, what is the probability that the student also passes chemistry?",PROBABILITY,conditional_probability,en,synthetic,conditional_pass_courses_01,pending
prob_0020,"Two fair six-sided dice are rolled independently. Let A be the event that the first die shows an even number and B the event that the sum of the two dice is 7. Are A and B independent? Justify your answer.",PROBABILITY,independence,en,synthetic,independence_dice_even_sum_seven_01,pending
prob_0021,"Three components of a machine fail independently, with failure probabilities 0.1, 0.2, and 0.3, respectively. What is the probability that at least one of the components fails?",PROBABILITY,independence,en,synthetic,independence_at_least_one_failure_01,pending
prob_0022,"Events A and B satisfy P(A) = 0.5 and P(B) = 0.4, and they are mutually exclusive. Are A and B independent? Explain.",PROBABILITY,independence,en,synthetic,independence_vs_mutually_exclusive_01,pending
prob_0023,"Prove that if events A and B are independent, then A and the complement of B are also independent.",PROBABILITY,independence,en,synthetic,independence_complement_proof_01,pending
prob_0024,"A basketball player makes each free throw with probability 0.8, independently of all other throws. What is the probability that her first miss occurs on the fifth throw?",PROBABILITY,independence,en,synthetic,independence_first_miss_01,pending
prob_0025,"Three urns contain colored balls: urn 1 has 2 red and 3 blue balls, urn 2 has 4 red and 1 blue ball, and urn 3 has 3 red and 3 blue balls. An urn is chosen uniformly at random and one ball is drawn from it. Given that the ball is red, what is the probability that it came from urn 2?",PROBABILITY,bayes_theorem,en,synthetic,bayes_three_urns_01,pending
prob_0026,"One of two coins is chosen with equal probability: the first is fair and the second lands heads with probability 0.8. The chosen coin is tossed twice, with independent tosses, and both tosses show heads. What is the probability that the chosen coin is the biased one?",PROBABILITY,bayes_theorem,en,synthetic,bayes_two_coins_updating_01,pending
prob_0027,"There are three doors, and a prize is placed uniformly at random behind exactly one of them. You choose door 1. The host, who knows where the prize is, then opens door 2 or door 3, always choosing a door with no prize and choosing at random if both are empty. Suppose the host opens door 3. What is the probability that the prize is behind door 2?",PROBABILITY,bayes_theorem,en,synthetic,bayes_monty_hall_01,pending
prob_0028,"Events B_1, B_2, B_3 form a partition of the sample space with P(B_1) = 0.2, P(B_2) = 0.5, and P(B_3) = 0.3. Also P(A | B_1) = 0.9, P(A | B_2) = 0.4, and P(A | B_3) = 0.1. Compute P(B_2 | A).",PROBABILITY,bayes_theorem,en,synthetic,bayes_partition_symbolic_01,pending
prob_0029,"A disease affects 1 in 500 people. A diagnostic test detects the disease in 98% of the people who have it and gives a false positive for 3% of the people who do not. A person takes the test twice and both results are positive. Assuming the two results are conditionally independent given the person's true disease status, what is the probability that the person has the disease?",PROBABILITY,bayes_theorem,en,synthetic,bayes_repeated_test_01,pending
prob_0030,"A box contains 6 red, 4 green, and 5 yellow marbles. Three marbles are drawn at random without replacement. What is the probability that all three colors are represented?",PROBABILITY,sampling,en,synthetic,sampling_all_colors_01,pending
prob_0031,"A password consists of 4 characters, each chosen independently and uniformly at random from the 26 lowercase letters. What is the probability that all four characters are distinct?",PROBABILITY,sampling,en,synthetic,sampling_distinct_letters_01,pending
prob_0032,"A five-card poker hand is dealt from a standard 52-card deck. What is the probability that all five cards are of the same suit?",PROBABILITY,sampling,en,synthetic,sampling_poker_flush_01,pending
prob_0033,"In a lottery, 6 distinct numbers are drawn at random from 1, 2, ..., 45. You hold a ticket with 6 distinct numbers from the same range. What is the probability that exactly 4 of your numbers are among the numbers drawn?",PROBABILITY,sampling,en,synthetic,sampling_lottery_match_four_01,pending
prob_0034,"In a group of 23 people, assume each person's birthday is equally likely to be any of the 365 days of the year, independently of the others, and ignore leap years. What is the probability that at least two people in the group share a birthday?",PROBABILITY,sampling,en,synthetic,sampling_birthday_01,pending
prob_0035,"A discrete random variable X takes the values 1, 2, 3, 4 with P(X = k) = ck for k = 1, 2, 3, 4. Find the constant c and compute P(X ≥ 3).",PROBABILITY,random_variables,en,synthetic,rv_pmf_normalizing_constant_01,pending
prob_0036,"A coin that lands heads with probability p is tossed three times, with independent tosses. Let Y be the number of times that consecutive tosses show different outcomes (for example, the outcome HHT gives Y = 1 and the outcome HTH gives Y = 2). Find the probability mass function of Y.",PROBABILITY,random_variables,en,synthetic,rv_number_of_changes_01,pending
prob_0037,"A random variable X has cumulative distribution function F(x) = 0 for x < 0, F(x) = x^2/4 for 0 ≤ x < 2, and F(x) = 1 for x ≥ 2. Find P(1 < X ≤ 1.5) and the probability density function of X.",PROBABILITY,random_variables,en,synthetic,rv_cdf_to_density_01,pending
prob_0038,"A fair six-sided die is rolled once and X is the number shown. Find the probability mass function of Y = (X - 3)^2.",PROBABILITY,random_variables,en,synthetic,rv_transformation_pmf_01,pending
prob_0039,"A student guesses independently on each of the 10 questions of a multiple-choice quiz, where every question has 4 options and exactly one is correct. Write an expression for the probability that the student answers at least 3 questions correctly.",PROBABILITY,distributions,en,synthetic,binomial_guessing_quiz_01,pending
prob_0040,"Emails arrive in an inbox according to a Poisson process with an average of 6 emails per hour. What is the probability that no email arrives during a given 20-minute period?",PROBABILITY,distributions,en,synthetic,poisson_time_scaling_01,pending
prob_0041,"Let X be normally distributed with mean 50 and variance 16. Express P(46 < X < 58) in terms of the standard normal cumulative distribution function Φ.",PROBABILITY,distributions,en,synthetic,normal_interval_01,pending
prob_0042,"A bus arrives at a stop at a time uniformly distributed between 8:00 and 8:30. You arrive at the stop at exactly 8:05, and the bus has not yet arrived. What is the probability that you have to wait more than 10 additional minutes?",PROBABILITY,distributions,en,synthetic,uniform_conditional_wait_01,pending
prob_0043,"A basketball player makes each shot independently with probability 0.6. What is the probability that her third made shot occurs exactly on her sixth attempt?",PROBABILITY,distributions,en,synthetic,negative_binomial_third_success_01,pending
prob_0044,"A random variable X has density f(x) = 3x^2 for 0 ≤ x ≤ 1 and f(x) = 0 otherwise. Find the median of X.",PROBABILITY,distributions,en,synthetic,continuous_density_median_01,pending
prob_0045,"A machine produces items independently, and each item is defective with probability 0.02. Use the Poisson approximation to the binomial distribution to estimate the probability that a batch of 200 items contains at most one defective item.",PROBABILITY,distributions,en,synthetic,poisson_approximation_01,pending
prob_0046,"Let X be the number of heads in 100 independent tosses of a fair coin. Use the normal approximation with continuity correction to write P(X ≥ 61) in terms of the standard normal cumulative distribution function Φ.",PROBABILITY,distributions,en,synthetic,clt_normal_approximation_01,pending
prob_0047,"Let X ~ Binomial(10, 0.3). Compute E[X^2].",PROBABILITY,expectation,en,synthetic,expectation_binomial_second_moment_01,pending
prob_0048,"A fair six-sided die is rolled repeatedly, with independent rolls, until a six appears. What is the expected number of rolls?",PROBABILITY,expectation,en,synthetic,expectation_rolls_until_six_01,pending
prob_0049,"Let X have density f(x) = 2x on the interval [0, 1], and 0 elsewhere. Compute E[X] and E[1/X].",PROBABILITY,expectation,en,synthetic,expectation_continuous_density_01,pending
prob_0050,"An insurance company sells a policy that pays 10,000 dollars with probability 0.02, pays 2,000 dollars with probability 0.10, and pays nothing otherwise. What is the smallest premium for which the company's expected profit per policy is at least 100 dollars?",PROBABILITY,expectation,en,synthetic,expectation_insurance_premium_01,pending
prob_0051,"At a party, n guests each leave a hat at the door. The hats are later returned one to each guest in a uniformly random order. What is the expected number of guests who receive their own hat?",PROBABILITY,expectation,en,synthetic,expectation_indicator_hats_01,pending
prob_0052,"A random variable X takes the values -1, 0, 1, 2 with probabilities 0.2, 0.3, 0.1, 0.4, respectively. Compute E[X] and E[X^2 - 1].",PROBABILITY,expectation,en,synthetic,expectation_discrete_table_01,pending
prob_0053,"Find the variance of a random variable that is uniformly distributed on the interval [2, 8].",PROBABILITY,variance,en,synthetic,variance_uniform_01,pending
prob_0054,"Let X be the number of heads in 4 independent tosses of a fair coin. Compute Var(X) and P(|X - E[X]| ≥ 2).",PROBABILITY,variance,en,synthetic,variance_binomial_deviation_01,pending
prob_0055,"The random variables X and Y satisfy Var(X) = 3, Var(Y) = 5, and Cov(X, Y) = -1. Find Var(X - 2Y).",PROBABILITY,variance,en,synthetic,variance_covariance_01,pending
prob_0056,"A random variable X has mean 50 and variance 25. Use Chebyshev's inequality to find an upper bound for P(|X - 50| ≥ 20).",PROBABILITY,variance,en,synthetic,chebyshev_bound_01,pending
prob_0057,"The random variables X and Y take values in {0, 1}, with P(X = 0, Y = 0) = 0.1, P(X = 0, Y = 1) = 0.2, P(X = 1, Y = 0) = 0.3, and P(X = 1, Y = 1) = 0.4. Find the marginal distribution of X and decide whether X and Y are independent.",PROBABILITY,joint_distributions,en,synthetic,joint_table_marginals_independence_01,pending
prob_0058,"Let X and Y be independent random variables, each uniformly distributed on [0, 1]. Find P(X + Y > 1.5).",PROBABILITY,joint_distributions,en,synthetic,joint_uniform_sum_01,pending
prob_0059,"The random vector (X, Y) has joint density f(x, y) = x + y for 0 ≤ x ≤ 1 and 0 ≤ y ≤ 1, and f(x, y) = 0 elsewhere. Find the marginal density of X and compute E[XY].",PROBABILITY,joint_distributions,en,synthetic,joint_density_marginal_expectation_01,pending
prob_0060,"Let X and Y be independent exponential random variables with rates 1 and 2, respectively. Compute P(X < Y).",PROBABILITY,joint_distributions,en,synthetic,joint_exponential_race_01,pending
prob_0061,"If P(A) = 0.3, P(B) = 0.5, and A and B are mutually exclusive, find P(A ∪ B).",PROBABILITY,events,en,synthetic,pev_exclusive_union_01,pending
prob_0062,"Write P(A ∪ B ∪ C) in terms of the probabilities of A, B, C and their intersections.",PROBABILITY,events,en,synthetic,pev_inclusion_exclusion_three_01,pending
prob_0063,"A card is drawn at random from a standard 52-card deck. What is the probability that it is a spade or an ace?",PROBABILITY,events,en,synthetic,pev_spade_or_ace_01,pending
prob_0064,"A fair six-sided die is rolled once. Let A = {2, 4, 6} and B = {1, 2, 3}. Compute P(A ∪ B), P(A ∩ B), and P(A \ B).",PROBABILITY,events,en,synthetic,pev_die_set_operations_01,pending
prob_0065,"A fair coin is tossed six times, independently. What is the probability that no two consecutive tosses are both heads?",PROBABILITY,events,en,synthetic,pev_no_two_consecutive_heads_01,pending
prob_0066,"A letter is chosen uniformly at random from the letters of the word MISSISSIPPI, counting repeated letters separately. What is the probability that it is a vowel?",PROBABILITY,events,en,synthetic,pev_random_letter_vowel_01,pending
prob_0067,"A number is chosen uniformly at random from {1, 2, ..., 100}. What is the probability that it is divisible by 4 or by 6?",PROBABILITY,events,en,synthetic,pev_divisible_four_or_six_01,pending
prob_0068,"Prove that P(A ∪ B) ≤ P(A) + P(B) for any two events A and B.",PROBABILITY,events,en,synthetic,pev_union_bound_two_01,pending
prob_0069,"Prove the union bound P(A_1 ∪ A_2 ∪ ... ∪ A_n) ≤ P(A_1) + P(A_2) + ... + P(A_n) for any events A_1, ..., A_n.",PROBABILITY,events,en,synthetic,pev_union_bound_n_events_01,pending
prob_0070,"Show that if A ⊆ B, then P(A) ≤ P(B).",PROBABILITY,events,en,synthetic,pev_monotonicity_01,pending
prob_0071,"A point is chosen uniformly at random from the unit square [0, 1] × [0, 1]. What is the probability that the sum of its coordinates is less than 1/2?",PROBABILITY,events,en,synthetic,pev_unit_square_sum_01,pending
prob_0072,"A stick of length 1 is broken at a uniformly random point. What is the probability that the shorter of the two pieces is longer than 1/4?",PROBABILITY,events,en,synthetic,pev_broken_stick_shorter_piece_01,pending
prob_0073,"Two people each arrive at a uniformly random time within a one-hour window, independently, and each waits 15 minutes for the other. What is the probability that they meet?",PROBABILITY,events,en,synthetic,pev_meeting_problem_01,pending
prob_0074,"A dart lands uniformly at random on a square board of side 20 cm. A circular target of radius 5 cm is centered on the board. What is the probability that the dart lands inside the target?",PROBABILITY,events,en,synthetic,pev_dart_circle_in_square_01,pending
prob_0075,"Two fair six-sided dice are rolled. What is the probability that the two numbers shown differ by exactly 2?",PROBABILITY,events,en,synthetic,pev_dice_difference_two_01,pending
prob_0076,"Three fair six-sided dice are rolled. What is the probability that all three show different numbers?",PROBABILITY,events,en,synthetic,pev_three_dice_distinct_01,pending
prob_0077,"P(rain on Saturday) = 0.4, P(rain on Sunday) = 0.5, and P(rain on both) = 0.2. Find P(rain on at least one day) and P(rain on exactly one day).",PROBABILITY,events,en,synthetic,pev_weekend_rain_01,pending
prob_0078,"In a class, 35% of the students play soccer, 25% play basketball, and 10% play both. What is the probability that a randomly chosen student plays neither sport?",PROBABILITY,events,en,synthetic,pev_sports_neither_01,pending
prob_0079,"A point is chosen uniformly at random in a disk of radius 1. What is the probability that it is closer to the center than to the boundary?",PROBABILITY,events,en,synthetic,pev_closer_to_center_01,pending
prob_0080,"Show that P(A Δ B) = P(A) + P(B) - 2P(A ∩ B) for any events A and B, where A Δ B is the event that exactly one of A and B occurs.",PROBABILITY,events,en,synthetic,pev_symmetric_difference_01,pending
prob_0081,"An experiment has sample space {a, b, c, d}, with P({a}) = 0.1, P({b}) = 0.2, and P({c}) = 0.3. Find P({d}) and P({a, c, d}).",PROBABILITY,events,en,synthetic,pev_finite_space_missing_probability_01,pending
prob_0082,"Two cards are drawn at random, without replacement, from five cards numbered 1 through 5. What is the probability that the sum of the numbers on the two cards is even?",PROBABILITY,events,en,synthetic,pev_two_cards_even_sum_01,pending
prob_0083,"A fair coin is tossed repeatedly, with independent tosses, until the first head appears. What is the probability that this takes at most 3 tosses?",PROBABILITY,events,en,synthetic,pev_first_head_at_most_three_01,pending
prob_0084,"Let A_1, A_2, A_3, ... be events with P(A_n) = 2^(-n) for each n. What is the largest possible value of P(A_1 ∪ A_2 ∪ A_3 ∪ ...)?",PROBABILITY,events,en,synthetic,pev_countable_union_bound_sum_01,pending
prob_0085,"Engines A and B fail with probabilities 0.05 and 0.08, and both fail with probability 0.004. The plane can fly if at least one engine works. Find P(plane can fly).",PROBABILITY,events,en,synthetic,pev_two_engines_dependent_01,pending
prob_0086,"If P(A ∩ B) = 0.12 and P(B) = 0.4, what is P(A | B)?",PROBABILITY,conditional_probability,en,synthetic,pcp_definition_numbers_01,pending
prob_0087,"Two fair dice are rolled. Given that the sum of the two dice is 9, what is the probability that at least one of the dice shows a 6?",PROBABILITY,conditional_probability,en,synthetic,pcp_sum_nine_at_least_one_six_01,pending
prob_0088,"Two items are drawn without replacement from 8 good and 2 defective items. Given that the second item is defective, what is the probability that the first is defective?",PROBABILITY,conditional_probability,en,synthetic,pcp_second_defective_first_01,pending
prob_0089,"A fair coin is tossed four times. Given that at least two heads appear, what is the probability that exactly three heads appear?",PROBABILITY,conditional_probability,en,synthetic,pcp_at_least_two_heads_exactly_three_01,pending
prob_0090,"A fair coin is tossed three times. Given that the first toss is a head, what is the probability that exactly two heads occur in total?",PROBABILITY,conditional_probability,en,synthetic,pcp_coin_first_head_total_01,pending
prob_0091,"Suppose P(A) = 0.5, P(B | A) = 0.4, and P(B | A^c) = 0.2. Find P(B).",PROBABILITY,conditional_probability,en,synthetic,pcp_total_probability_simple_01,pending
prob_0092,"Three machines produce 45%, 35%, and 20% of a factory's output, with defect rates 4%, 2%, and 1%. Find P(a randomly chosen item is defective).",PROBABILITY,conditional_probability,en,synthetic,pcp_total_probability_machines_01,pending
prob_0093,"30% of days are rainy. P(bus late | rain) = 0.4 and P(bus late | no rain) = 0.1. Find P(bus late).",PROBABILITY,conditional_probability,en,synthetic,pcp_bus_late_weather_01,pending
prob_0094,"Prove that P(A | B) + P(A^c | B) = 1 whenever P(B) > 0.",PROBABILITY,conditional_probability,en,synthetic,pcp_complement_rule_proof_01,pending
prob_0095,"Prove the multiplication rule P(A ∩ B ∩ C) = P(A) P(B | A) P(C | A ∩ B), assuming P(A ∩ B) > 0.",PROBABILITY,conditional_probability,en,synthetic,pcp_chain_rule_proof_01,pending
prob_0096,"Three cards are dealt from a standard 52-card deck without replacement. What is the probability that all three are spades?",PROBABILITY,conditional_probability,en,synthetic,pcp_three_spades_01,pending
prob_0097,"An urn contains 4 white balls and 6 black balls. Two balls are drawn one after the other without replacement. What is the probability that the second ball drawn is white?",PROBABILITY,conditional_probability,en,synthetic,pcp_second_draw_marginal_01,pending
prob_0098,"Suppose P(A) = 0.6, P(B) = 0.5, and P(A ∪ B) = 0.8. Find P(A | B) and P(B | A).",PROBABILITY,conditional_probability,en,synthetic,pcp_from_union_01,pending
prob_0099,"A fair die is rolled and you are told that the result is not a 6. What is the probability that the result is a 5?",PROBABILITY,conditional_probability,en,synthetic,pcp_die_not_six_01,pending
prob_0100,"A student answering a true-or-false question knows the answer with probability 0.6 and otherwise guesses at random. What is the probability that the student answers correctly?",PROBABILITY,conditional_probability,en,synthetic,pcp_know_or_guess_01,pending
prob_0101,"Two cards are dealt from a standard deck. What is the probability that both are kings, given that at least one of them is a king?",PROBABILITY,conditional_probability,en,synthetic,pcp_at_least_one_king_01,pending
prob_0102,"A fair die is rolled twice. Given that the first roll is larger than the second, what is the probability that the first roll is a 4?",PROBABILITY,conditional_probability,en,synthetic,pcp_first_larger_than_second_01,pending
prob_0103,"A number is chosen uniformly at random from {1, 2, ..., 20}. Given that the number is even, what is the probability that it is divisible by 3?",PROBABILITY,conditional_probability,en,synthetic,pcp_even_divisible_by_three_01,pending
prob_0104,"Let X be the number shown by a fair six-sided die. Compute P(X = 6 | X ≥ 4).",PROBABILITY,conditional_probability,en,synthetic,pcp_die_at_least_four_01,pending
prob_0105,"P(pass exam 1) = 0.8, P(pass exam 2 | passed 1) = 0.7, and P(pass exam 2 | failed 1) = 0.4. Find P(pass at least one exam).",PROBABILITY,conditional_probability,en,synthetic,pcp_two_exams_at_least_one_01,pending
prob_0106,"Two players, A and B, take turns rolling a fair die, with A rolling first, and the first player to roll a 6 wins. What is the probability that A wins?",PROBABILITY,conditional_probability,en,synthetic,pcp_alternating_first_six_01,pending
prob_0107,"A drawer has 3 black and 5 white socks, and two are drawn without replacement. Given that they match, find P(both are black).",PROBABILITY,conditional_probability,en,synthetic,pcp_matching_socks_01,pending
prob_0108,"Give an example of two events A and B with P(A | B) > P(A), and explain what this says about the relationship between A and B.",PROBABILITY,conditional_probability,en,synthetic,pcp_positive_association_example_01,pending
prob_0109,"A jar contains 5 fair coins and 1 two-headed coin. A coin is chosen at random and tossed once. What is the probability that it lands heads?",PROBABILITY,conditional_probability,en,synthetic,pcp_two_headed_coin_heads_01,pending
prob_0110,"Prove that if P(A) > 0 and P(B) > 0, then P(A | B) = P(A) if and only if P(B | A) = P(B).",PROBABILITY,conditional_probability,en,synthetic,pcp_symmetry_of_independence_proof_01,pending
prob_0111,"A number N is chosen uniformly at random from {1, 2, 3, 4, 5, 6}, and then a fair coin is tossed N times, independently. What is the probability that no heads appear?",PROBABILITY,conditional_probability,en,synthetic,pcp_random_number_of_tosses_01,pending
prob_0112,"A committee of 2 people is chosen at random from 4 men and 3 women. What is the probability that both members are women, given that at least one member is a woman?",PROBABILITY,conditional_probability,en,synthetic,pcp_committee_at_least_one_woman_01,pending
prob_0113,"Events A and B are independent with P(A) = 0.4 and P(B) = 0.5. Find P(A ∪ B) and P(A ∩ B^c).",PROBABILITY,independence,en,synthetic,pin_two_event_numbers_01,pending
prob_0114,"Events A, B, and C are mutually independent with P(A) = 0.5, P(B) = 0.6, and P(C) = 0.2. What is the probability that exactly one of them occurs?",PROBABILITY,independence,en,synthetic,pin_exactly_one_of_three_01,pending
prob_0115,"Show that if P(A) = 0 or P(A) = 1, then A is independent of every event B.",PROBABILITY,independence,en,synthetic,pin_trivial_events_independent_01,pending
prob_0116,"Toss a fair coin twice. A: first toss is heads. B: second toss is heads. C: the two tosses agree. Are A, B, C pairwise independent? Mutually independent?",PROBABILITY,independence,en,synthetic,pin_pairwise_not_mutual_01,pending
prob_0117,"Events A and B are independent, with P(A ∩ B) = 0.12 and P(A ∩ B^c) = 0.28. Find P(A) and P(B).",PROBABILITY,independence,en,synthetic,pin_recover_marginals_01,pending
prob_0118,"Four independent security checks each detect a forged ticket with probability 0.7. What is the probability that at least two of the checks detect a given forged ticket?",PROBABILITY,independence,en,synthetic,pin_four_checks_at_least_two_01,pending
prob_0119,"Each launch succeeds independently with probability 0.9. Find the smallest n such that P(at least one success in n launches) ≥ 0.999.",PROBABILITY,independence,en,synthetic,pin_launches_needed_01,pending
prob_0120,"Two people try to solve a problem independently. The first solves it with probability 1/3 and the second with probability 1/4. What is the probability that the problem gets solved?",PROBABILITY,independence,en,synthetic,pin_two_solvers_01,pending
prob_0121,"A fair die is rolled twice. Let A be the event that the first roll is even and B the event that the sum of the two rolls is at least 10. Are A and B independent?",PROBABILITY,independence,en,synthetic,pin_dice_even_sum_at_least_ten_01,pending
prob_0122,"Component 1 is in series with the parallel pair {2, 3}, and the components work independently with probabilities 0.9, 0.8, 0.7. Find P(the circuit works).",PROBABILITY,independence,en,synthetic,pin_series_parallel_circuit_01,pending
prob_0123,"Show that an event A is independent of itself if and only if P(A) is 0 or 1.",PROBABILITY,independence,en,synthetic,pin_self_independent_01,pending
prob_0124,"If A and B are independent and B and C are independent, must A and C be independent? Prove it or give a counterexample.",PROBABILITY,independence,en,synthetic,pin_transitivity_counterexample_01,pending
prob_0125,"A fair die is rolled four times, independently. What is the probability that at least one six appears?",PROBABILITY,independence,en,synthetic,pin_four_rolls_at_least_one_six_01,pending
prob_0126,"A coin lands heads with probability 1/3 on each toss, independently. What is the probability that the first head occurs on an odd-numbered toss?",PROBABILITY,independence,en,synthetic,pin_first_head_odd_toss_01,pending
prob_0127,"Each of 3 servers is up independently with probability 0.9. Find P(at least 2 servers are up).",PROBABILITY,independence,en,synthetic,pin_service_two_of_three_01,pending
prob_0128,"Events A and B are independent, with P(A ∩ B^c) = 0.3 and P(A^c ∩ B) = 0.2. Find all possible pairs (P(A), P(B)).",PROBABILITY,independence,en,synthetic,pin_recover_from_exclusive_parts_01,pending
prob_0129,"Three independent fair bits are generated. A: the first bit is 1. B: the number of 1s is odd. Are A and B independent?",PROBABILITY,independence,en,synthetic,pin_bit_string_parity_01,pending
prob_0130,"A basketball player makes each free throw independently with probability p. What is the probability that she makes exactly 2 of her next 3 free throws?",PROBABILITY,independence,en,synthetic,pin_two_of_three_symbolic_01,pending
prob_0131,"Prove that if A and B are independent, then P(A ∪ B) = 1 - P(A^c) P(B^c).",PROBABILITY,independence,en,synthetic,pin_union_formula_proof_01,pending
prob_0132,"Prove that if A, B, and C are mutually independent, then A ∩ B is independent of C.",PROBABILITY,independence,en,synthetic,pin_intersection_independent_of_third_01,pending
prob_0133,"Independent sensors detect an intruder with probabilities 0.9 and 0.8, and the alarm sounds if at least one detects. Given the alarm, find P(both detected).",PROBABILITY,independence,en,synthetic,pin_sensors_alarm_both_01,pending
prob_0134,"A fair die is rolled repeatedly, with independent rolls. What is the probability that a 1 appears before the first 6?",PROBABILITY,independence,en,synthetic,pin_one_before_six_01,pending
prob_0135,"A coin with probability p of heads is tossed n times, independently. Find the probability that the number of heads is even.",PROBABILITY,independence,en,synthetic,pin_even_number_of_heads_01,pending
prob_0136,"A fair coin is tossed repeatedly and independently. What is the probability that the pattern HH appears before the pattern TH?",PROBABILITY,independence,en,synthetic,pin_pattern_hh_before_th_01,pending
prob_0137,"Suppose P(A) = 0.3, P(B | A) = 0.8, and P(B | A^c) = 0.1. Find P(A | B).",PROBABILITY,bayes_theorem,en,synthetic,pby_basic_symbolic_01,pending
prob_0138,"One of 4 dice, chosen at random, is loaded with P(6) = 1/2, and the other three are fair. The chosen die is rolled twice and shows 6 both times. Find P(loaded).",PROBABILITY,bayes_theorem,en,synthetic,pby_loaded_die_two_sixes_01,pending
prob_0139,"Line A makes 60% of the items and line B 40%. P(length < 10.5 cm) is 0.75 for A and 0.25 for B. Given that an item is shorter than 10.5 cm, find P(it came from A).",PROBABILITY,bayes_theorem,en,synthetic,pby_lines_length_threshold_01,pending
prob_0140,"Centers 1, 2, 3 handle 45%, 35%, 20% of complaints, and 10%, 20%, 40% of their complaints stay unresolved. Given an unresolved complaint, find P(handled by center 3).",PROBABILITY,bayes_theorem,en,synthetic,pby_call_centers_unresolved_01,pending
prob_0141,"85% of cabs are green and 15% blue. A witness who is correct 80% of the time says the cab in a hit-and-run was blue. Find P(the cab was blue).",PROBABILITY,bayes_theorem,en,synthetic,pby_cab_witness_01,pending
prob_0142,"2% of items are defective. An inspection rejects 90% of defective items and 5% of good ones. Given that an item is rejected, find P(defective).",PROBABILITY,bayes_theorem,en,synthetic,pby_inspection_rejection_01,pending
prob_0143,"P(studied) = 0.7, P(pass | studied) = 0.9, and P(pass | did not study) = 0.4. Given that the student passed, find P(studied).",PROBABILITY,bayes_theorem,en,synthetic,pby_studied_given_passed_01,pending
prob_0144,"A box holds a fair coin, a two-headed coin, and a coin with P(heads) = 1/4. A random coin is tossed 3 times and shows HHH. Find the posterior probability of each coin.",PROBABILITY,bayes_theorem,en,synthetic,pby_three_coins_three_heads_01,pending
prob_0145,"State Bayes' theorem for a partition B_1, ..., B_n of the sample space and an event A with P(A) > 0, and prove it using the definition of conditional probability and the law of total probability.",PROBABILITY,bayes_theorem,en,synthetic,pby_statement_and_proof_01,pending
prob_0146,"A prize is behind one of 4 doors, uniformly. You pick door 1, and the host opens door 4, choosing uniformly among non-prize doors other than yours. Find P(prize behind door 2).",PROBABILITY,bayes_theorem,en,synthetic,pby_four_door_monty_01,pending
prob_0147,"A die roll of 1 or 2 selects urn X (3 red, 1 blue); any other roll selects urn Y (1 red, 3 blue). A ball drawn from the chosen urn is red. Find P(roll was 1 or 2).",PROBABILITY,bayes_theorem,en,synthetic,pby_die_selects_urn_01,pending
prob_0148,"A detector says 'lie' with probability 0.88 for a lie and 0.14 for a truth, and 10% of statements are lies. Given 'lie', find P(the statement is a lie).",PROBABILITY,bayes_theorem,en,synthetic,pby_lie_detector_01,pending
prob_0149,"Two events B_1 and B_2 partition the sample space with P(B_1) = P(B_2) = 1/2. An event A has P(A | B_1) = 2 P(A | B_2) and P(A) = 0.3. Find P(B_1 | A).",PROBABILITY,bayes_theorem,en,synthetic,pby_ratio_of_likelihoods_01,pending
prob_0150,"Rain is forecast on 80% of rainy days and on 30% of dry days, and 20% of days are rainy. Given a rain forecast, find P(rain).",PROBABILITY,bayes_theorem,en,synthetic,pby_rain_forecast_01,pending
prob_0151,"Three boxes hold {gold, gold}, {gold, silver}, and {silver, silver}. A random coin from a random box is gold. Find P(the other coin in that box is gold).",PROBABILITY,bayes_theorem,en,synthetic,pby_bertrand_box_01,pending
prob_0152,"P(spam) = 0.4. The word 'offer' appears in 50% of spam and 5% of legitimate mail; 'meeting' appears in 2% and 30%. Assuming the words are independent within each class, find P(spam | both words).",PROBABILITY,bayes_theorem,en,synthetic,pby_naive_two_words_01,pending
prob_0153,"If a fair coin lands heads, roll one die; if tails, roll two dice and add. The result is 3. Find P(heads).",PROBABILITY,bayes_theorem,en,synthetic,pby_coin_selects_dice_01,pending
prob_0154,"Suppose P(A | B) = 0.9, P(A | B^c) = 0.2, and P(B) = 0.1. Compute P(B | A^c).",PROBABILITY,bayes_theorem,en,synthetic,pby_complement_conditioning_01,pending
prob_0155,"A jar coin is fair with prior probability 0.99 or biased with P(heads) = 0.9 and prior probability 0.01. Five tosses are all heads. Find P(biased).",PROBABILITY,bayes_theorem,en,synthetic,pby_small_prior_biased_coin_01,pending
prob_0156,"One of prisoners A, B, C is pardoned uniformly at random. The guard tells A that B will not be pardoned (choosing at random between B and C when A is the one pardoned). Find P(A is pardoned).",PROBABILITY,bayes_theorem,en,synthetic,pby_three_prisoners_01,pending
prob_0157,"Explain, using Bayes' theorem and a concrete numerical example, why a very accurate test for a rare condition can still have a low probability of a correct diagnosis after a positive result.",PROBABILITY,bayes_theorem,en,synthetic,pby_base_rate_explanation_01,pending
prob_0158,"Prevalence is 2%, sensitivity 90%, and the false-positive rate 5%. Two independent tests are both positive. Find P(disease).",PROBABILITY,bayes_theorem,en,synthetic,pby_two_positive_tests_01,pending
prob_0159,"An urn holds 3 balls, each independently red or blue with probability 1/2. A random ball drawn from it is red. Find P(all three balls are red).",PROBABILITY,bayes_theorem,en,synthetic,pby_unknown_urn_composition_01,pending
prob_0160,"Prove that if P(A | B) > P(A), then P(B | A) > P(B), assuming all the probabilities involved are positive.",PROBABILITY,bayes_theorem,en,synthetic,pby_positive_association_symmetry_01,pending
prob_0161,"A bit is sent with P(1) = 0.6 and flipped with probability 0.1. Given that a 1 is received, find P(a 1 was sent).",PROBABILITY,bayes_theorem,en,synthetic,pby_noisy_channel_01,pending
prob_0162,"Show that posterior odds equal prior odds times the likelihood ratio: P(A | E)/P(A^c | E) = [P(A)/P(A^c)] · [P(E | A)/P(E | A^c)], whenever the probabilities involved are positive.",PROBABILITY,bayes_theorem,en,synthetic,pby_posterior_odds_proof_01,pending
prob_0163,"A jar contains 7 red and 3 green candies. Two candies are drawn with replacement. What is the probability that both are red?",PROBABILITY,sampling,en,synthetic,psa_with_replacement_two_red_01,pending
prob_0164,"A committee of 4 people is chosen at random from a group of 10 boys and 12 girls. What is the probability that the committee contains at least one boy and at least one girl?",PROBABILITY,sampling,en,synthetic,psa_committee_both_genders_01,pending
prob_0165,"A 13-card hand is dealt from a standard 52-card deck. What is the probability that the hand contains no aces?",PROBABILITY,sampling,en,synthetic,psa_bridge_hand_no_aces_01,pending
prob_0166,"A box contains 20 light bulbs, of which 4 are defective. Three bulbs are chosen at random without replacement. What is the probability that at most one of the chosen bulbs is defective?",PROBABILITY,sampling,en,synthetic,psa_bulbs_at_most_one_defective_01,pending
prob_0167,"A fair die is rolled 5 times. What is the probability that all five results are different?",PROBABILITY,sampling,en,synthetic,psa_five_rolls_distinct_01,pending
prob_0168,"Five letters are placed at random into five addressed envelopes, one letter per envelope. What is the probability that no letter is placed in its correct envelope?",PROBABILITY,sampling,en,synthetic,psa_letters_envelopes_none_correct_01,pending
prob_0169,"A 4-digit PIN is chosen uniformly at random from 0000 to 9999. What is the probability that its four digits are all different?",PROBABILITY,sampling,en,synthetic,psa_pin_no_repeated_digit_01,pending
prob_0170,"What is the probability that a five-card poker hand contains exactly one pair, with no better hand?",PROBABILITY,sampling,en,synthetic,psa_poker_one_pair_01,pending
prob_0171,"What is the probability that a five-card hand dealt from a standard 52-card deck is a full house, that is, three cards of one rank and two cards of another rank?",PROBABILITY,sampling,en,synthetic,psa_poker_full_house_01,pending
prob_0172,"A lot of 50 items has 8 defective ones. Give P(exactly 2 defective) in a sample of 5, both without and with replacement.",PROBABILITY,sampling,en,synthetic,psa_hypergeometric_versus_binomial_01,pending
prob_0173,"An urn contains 5 red and 5 blue balls. Balls are drawn one at a time without replacement until a red ball appears. What is the probability that exactly 3 draws are needed?",PROBABILITY,sampling,en,synthetic,psa_draws_until_first_red_01,pending
prob_0174,"Three tickets are drawn at random without replacement from ten tickets numbered 1 through 10. What is the probability that the largest number drawn is 7?",PROBABILITY,sampling,en,synthetic,psa_maximum_is_seven_01,pending
prob_0175,"Two different numbers are chosen at random from {1, 2, ..., 10}. What is the probability that their sum is 11?",PROBABILITY,sampling,en,synthetic,psa_two_numbers_sum_eleven_01,pending
prob_0176,"Six people are seated at random in a row of six chairs. What is the probability that two particular people sit next to each other?",PROBABILITY,sampling,en,synthetic,psa_two_people_adjacent_01,pending
prob_0177,"A committee of 5 people is chosen at random from 6 married couples. What is the probability that no married couple is on the committee?",PROBABILITY,sampling,en,synthetic,psa_committee_no_couple_01,pending
prob_0178,"A 3-letter word is formed by choosing each letter independently and uniformly from {A, B, C}. What is the probability that the word is a palindrome?",PROBABILITY,sampling,en,synthetic,psa_palindrome_three_letters_01,pending
prob_0179,"A fair coin is tossed 10 times, independently. What is the probability of getting exactly 5 heads?",PROBABILITY,sampling,en,synthetic,psa_coin_exactly_five_heads_01,pending
prob_0180,"Five distinct numbers are drawn at random from {1, 2, ..., 30} in a lottery. What is the probability that all five are even?",PROBABILITY,sampling,en,synthetic,psa_lottery_all_even_01,pending
prob_0181,"Two people are chosen at random from a group of 100 people consisting of 60 women and 40 men. What is the probability that they are of different sexes?",PROBABILITY,sampling,en,synthetic,psa_two_different_sexes_01,pending
prob_0182,"A jar holds 4 red, 3 white, and 2 blue marbles. Three marbles are drawn with replacement. What is the probability of getting one marble of each color?",PROBABILITY,sampling,en,synthetic,psa_with_replacement_one_of_each_01,pending
prob_0183,"A cereal box contains one of 4 equally likely prizes, independently from box to box. If you buy 6 boxes, what is the probability that you collect all 4 prizes?",PROBABILITY,sampling,en,synthetic,psa_coupon_collector_six_boxes_01,pending
prob_0184,"A fair die is rolled three times. What is the probability that the three results are in strictly increasing order?",PROBABILITY,sampling,en,synthetic,psa_strictly_increasing_rolls_01,pending
prob_0185,"Ten balls are placed independently and uniformly at random into three boxes. What is the probability that the first box is empty?",PROBABILITY,sampling,en,synthetic,psa_balls_into_boxes_first_empty_01,pending
prob_0186,"A standard 52-card deck is shuffled thoroughly. What is the probability that the top card is an ace and the bottom card is a king?",PROBABILITY,sampling,en,synthetic,psa_top_ace_bottom_king_01,pending
prob_0187,"Three distinct digits are chosen at random from {1, 2, ..., 9}. What is the probability that their product is even?",PROBABILITY,sampling,en,synthetic,psa_three_digits_product_even_01,pending
prob_0188,"A quality inspector picks 3 cans at random from a case of 24 cans in which 2 are dented. What is the probability that at least one dented can is picked?",PROBABILITY,sampling,en,synthetic,psa_cans_at_least_one_dented_01,pending
prob_0189,"The digits 1 through 6 are arranged in a uniformly random order to form a six-digit number. What is the probability that the number is divisible by 4?",PROBABILITY,sampling,en,synthetic,psa_permutation_divisible_by_four_01,pending
prob_0190,"Two cards are drawn at random from a standard 52-card deck without replacement. What is the probability that they have the same rank?",PROBABILITY,sampling,en,synthetic,psa_two_cards_same_rank_01,pending
prob_0191,"A jar contains 3 red and 2 blue marbles. Marbles are drawn one at a time without replacement until the jar is empty. What is the probability that the last marble drawn is blue?",PROBABILITY,sampling,en,synthetic,psa_last_marble_symmetry_01,pending
prob_0192,"A random variable X has P(X = -1) = 0.3, P(X = 0) = 0.2, and P(X = 2) = 0.5. Write down its cumulative distribution function F(x) and find P(X ≤ 1).",PROBABILITY,random_variables,en,synthetic,prv_cdf_from_pmf_01,pending
prob_0193,"A fair coin is tossed 3 times, independently. Let X be the number of heads. Find the probability mass function of X.",PROBABILITY,random_variables,en,synthetic,prv_three_coins_pmf_01,pending
prob_0194,"Two fair dice are rolled independently, and S is the sum of the two numbers shown. Find P(S = k) for every k from 2 to 12.",PROBABILITY,random_variables,en,synthetic,prv_sum_two_dice_pmf_01,pending
prob_0195,"A fair coin is tossed repeatedly until the first head appears, and N is the number of tosses. Find the probability mass function of N and compute P(N > 4).",PROBABILITY,random_variables,en,synthetic,prv_geometric_pmf_tail_01,pending
prob_0196,"The random variable X has density f(x) = c(1 - x^2) for -1 ≤ x ≤ 1 and f(x) = 0 otherwise. Find c and P(X > 1/2).",PROBABILITY,random_variables,en,synthetic,prv_density_normalize_quadratic_01,pending
prob_0197,"The random variable X has cumulative distribution function F(x) = 1 - e^(-2x) for x ≥ 0 and F(x) = 0 for x < 0. Find its density and P(1 < X < 2).",PROBABILITY,random_variables,en,synthetic,prv_cdf_exponential_interval_01,pending
prob_0198,"Let X be uniformly distributed on [0, 1]. Find the cumulative distribution function and the density of Y = X^2.",PROBABILITY,random_variables,en,synthetic,prv_transform_square_uniform_01,pending
prob_0199,"Let X be uniformly distributed on (0, 1). Find the density of Y = -ln(X).",PROBABILITY,random_variables,en,synthetic,prv_transform_negative_log_01,pending
prob_0200,"A random variable X has density f(x) = e^(-|x|)/2 for all real x. Find P(X > 1) and P(|X| < 1).",PROBABILITY,random_variables,en,synthetic,prv_laplace_density_probabilities_01,pending
prob_0201,"A random variable X takes values 0, 1, 2, ... with P(X = k) = c (1/3)^k. Find c and P(X ≥ 2).",PROBABILITY,random_variables,en,synthetic,prv_geometric_series_normalizing_01,pending
prob_0202,"Two balls are drawn without replacement from an urn containing 3 red and 2 blue balls, and X is the number of red balls drawn. Find the probability mass function of X.",PROBABILITY,random_variables,en,synthetic,prv_urn_number_red_pmf_01,pending
prob_0203,"Let X and Y be independent random variables, each equal to 0 or 1 with probability 1/2. Find the probability mass functions of X + Y and of max(X, Y).",PROBABILITY,random_variables,en,synthetic,prv_sum_and_max_bernoulli_01,pending
prob_0204,"Let X be uniformly distributed on {-2, -1, 0, 1, 2}, and let Y = |X|. Find the probability mass function of Y, and decide whether X and Y are independent.",PROBABILITY,random_variables,en,synthetic,prv_absolute_value_dependence_01,pending
prob_0205,"A point is chosen uniformly at random from the unit disk x^2 + y^2 ≤ 1, and R is its distance from the origin. Find the cumulative distribution function and the density of R.",PROBABILITY,random_variables,en,synthetic,prv_radius_uniform_disk_01,pending
prob_0206,"Let X be a continuous random variable whose cumulative distribution function F is strictly increasing. Show that F(X) is uniformly distributed on [0, 1].",PROBABILITY,random_variables,en,synthetic,prv_probability_integral_transform_01,pending
prob_0207,"Prove that P(a < X ≤ b) = F(b) - F(a) for any random variable X with cumulative distribution function F and any a < b.",PROBABILITY,random_variables,en,synthetic,prv_interval_probability_cdf_01,pending
prob_0208,"A random variable X takes the values 1, 2, 3 with P(X = 1) = 2P(X = 3) and P(X = 2) = P(X = 1) + P(X = 3). Find the probability mass function of X.",PROBABILITY,random_variables,en,synthetic,prv_pmf_from_relations_01,pending
prob_0209,"A random variable T ≥ 0 has survival function P(T > t) = e^(-t^2). Find the density of T and its hazard rate f(t)/P(T > t).",PROBABILITY,random_variables,en,synthetic,prv_survival_hazard_rate_01,pending
prob_0210,"Let X be uniformly distributed on {1, 2, 3, 4, 5, 6}, and let Y = max(X, 4). Find the probability mass function of Y.",PROBABILITY,random_variables,en,synthetic,prv_max_transformation_pmf_01,pending
prob_0211,"A contestant answers up to 4 questions, each correct independently with probability 0.7, and stops at the first error. Let X be the number correct. Find the pmf of X.",PROBABILITY,random_variables,en,synthetic,prv_quiz_show_capped_01,pending
prob_0212,"A random variable X takes values in {1, 2, 3, ...} with P(X ≥ k) = 1/k for every k ≥ 1. Find the probability mass function of X.",PROBABILITY,random_variables,en,synthetic,prv_pmf_from_tail_01,pending
prob_0213,"A random variable X has cumulative distribution function F(x) = 0 for x < 0, F(x) = x/4 for 0 ≤ x < 2, and F(x) = 1 for x ≥ 2. Is X discrete, continuous, or neither? Find P(X = 2) and P(0.5 < X ≤ 1).",PROBABILITY,random_variables,en,synthetic,prv_mixed_distribution_cdf_01,pending
prob_0214,"Let X be uniformly distributed on {1, 2, ..., 10}, and let Y be the remainder when X is divided by 3. Find the probability mass function of Y.",PROBABILITY,random_variables,en,synthetic,prv_remainder_transformation_01,pending
prob_0215,"A random variable X has density f(x) = (3/8)x^2 for 0 ≤ x ≤ 2. Find P(X > 1) and the density of Y = 2X.",PROBABILITY,random_variables,en,synthetic,prv_linear_transform_density_01,pending
prob_0216,"A random variable X takes the values 1, 2, 3, ... with P(X = n) = 1/2^n. Check that this is a valid probability mass function and find P(X is even).",PROBABILITY,random_variables,en,synthetic,prv_geometric_even_values_01,pending
prob_0217,"A random variable X has density f(x) = x/2 for 0 < x < 2. Find P(X < 1.5 | X > 0.5).",PROBABILITY,random_variables,en,synthetic,prv_conditional_density_interval_01,pending
prob_0218,"Explain why f(x) = x for 0 ≤ x ≤ 2 (and 0 elsewhere) is not a valid probability density function, and find the constant c for which f(x) = cx is a valid density on [0, 2].",PROBABILITY,random_variables,en,synthetic,prv_invalid_density_fix_01,pending
prob_0219,"A random variable X has probability mass function p(k) = C(4, k)/16 for k = 0, 1, 2, 3, 4, where C(4, k) is the binomial coefficient. Which named distribution does X have, and with which parameters?",PROBABILITY,random_variables,en,synthetic,prv_identify_binomial_from_pmf_01,pending
prob_0220,"Let X ~ Binomial(8, 0.25). Find P(X = 2) and P(X ≥ 7).",PROBABILITY,distributions,en,synthetic,pdi_binomial_basic_01,pending
prob_0221,"A fair coin is tossed 20 times, independently. Write the probability of getting between 8 and 12 heads, inclusive, as a sum of binomial terms.",PROBABILITY,distributions,en,synthetic,pdi_binomial_range_sum_01,pending
prob_0222,"Fabric defects are Poisson with mean 0.5 per square meter. Find P(at most 1 defect in 4 square meters).",PROBABILITY,distributions,en,synthetic,pdi_poisson_fabric_defects_01,pending
prob_0223,"Let X ~ Poisson(3). Compute P(X = 0), P(X = 1), and P(X ≥ 2).",PROBABILITY,distributions,en,synthetic,pdi_poisson_basic_01,pending
prob_0224,"Weekly accidents at an intersection are Poisson with mean 1.5. Find P(exactly 2 in one week) and P(at least 1 in two weeks).",PROBABILITY,distributions,en,synthetic,pdi_poisson_accidents_weeks_01,pending
prob_0225,"The lifetime of a machine is exponentially distributed with mean 50 hours. What is the probability that it lasts more than 60 hours, and what is its median lifetime?",PROBABILITY,distributions,en,synthetic,pdi_exponential_survival_median_01,pending
prob_0226,"Let Z ~ N(0, 1). Express P(Z < 1.5) and P(|Z| > 2) in terms of the standard normal cumulative distribution function Φ.",PROBABILITY,distributions,en,synthetic,pdi_standard_normal_tails_01,pending
prob_0227,"Scores are N(70, 10^2). Find the score exceeded by the top 5%, given P(Z ≤ 1.645) = 0.95.",PROBABILITY,distributions,en,synthetic,pdi_normal_percentile_01,pending
prob_0228,"A normal random variable X has P(X < 10) = 0.5 and P(X < 14) = 0.8413. Given that Φ(1) = 0.8413, find the mean and standard deviation of X.",PROBABILITY,distributions,en,synthetic,pdi_normal_solve_parameters_01,pending
prob_0229,"Let X be uniformly distributed on [0, 10]. Find P(2 < X < 5) and the 90th percentile of X.",PROBABILITY,distributions,en,synthetic,pdi_uniform_percentile_01,pending
prob_0230,"Battery lifetimes are N(500, 50^2) hours. Among 5 independent batteries, find P(exactly 2 last more than 550 hours), in terms of Φ.",PROBABILITY,distributions,en,synthetic,pdi_normal_then_binomial_01,pending
prob_0231,"Let X be geometric with success probability 0.2, counting the number of trials up to and including the first success. Find P(X = 4) and P(X > 4).",PROBABILITY,distributions,en,synthetic,pdi_geometric_basic_01,pending
prob_0232,"A call center receives calls at an average rate of 4 per minute, according to a Poisson distribution. What is the probability of at least 3 calls in a given minute?",PROBABILITY,distributions,en,synthetic,pdi_poisson_at_least_three_01,pending
prob_0233,"A binomial random variable X ~ Binomial(n, p) has E[X] = 6 and Var(X) = 4.2. Find n and p.",PROBABILITY,distributions,en,synthetic,pdi_binomial_from_moments_01,pending
prob_0234,"Let X be exponentially distributed with rate λ. Prove the memoryless property: P(X > s + t | X > s) = P(X > t) for all s, t ≥ 0.",PROBABILITY,distributions,en,synthetic,pdi_exponential_memoryless_proof_01,pending
prob_0235,"Let X ~ Poisson(λ) and Y ~ Poisson(μ) be independent. Show that X + Y ~ Poisson(λ + μ).",PROBABILITY,distributions,en,synthetic,pdi_poisson_sum_proof_01,pending
prob_0236,"Let X ~ N(0, 1). Find the probability density function of Y = X^2.",PROBABILITY,distributions,en,synthetic,pdi_chi_square_derivation_01,pending
prob_0237,"A random variable X has moment generating function M(t) = (0.3 + 0.7e^t)^5. Identify the distribution of X and find P(X = 2).",PROBABILITY,distributions,en,synthetic,pdi_mgf_identify_binomial_01,pending
prob_0238,"A lot of 20 items contains 6 defective ones. A sample of 5 items is drawn at random without replacement, and X is the number of defective items in the sample. Find P(X = 2).",PROBABILITY,distributions,en,synthetic,pdi_hypergeometric_defective_01,pending
prob_0239,"Let T_1 and T_2 be independent exponential random variables, each with rate 1. Find P(T_1 + T_2 > 3).",PROBABILITY,distributions,en,synthetic,pdi_gamma_sum_of_exponentials_01,pending
prob_0240,"A random variable X has density f(x) = 6x(1 - x) for 0 ≤ x ≤ 1. Find P(X < 1/2) and the most likely value of X.",PROBABILITY,distributions,en,synthetic,pdi_beta_symmetric_01,pending
prob_0241,"Suppose ln(X) ~ N(0, 1). Express P(X > e^2) in terms of Φ.",PROBABILITY,distributions,en,synthetic,pdi_lognormal_tail_01,pending
prob_0242,"Let Z ~ N(0, 1). Find E[Z^2] and E[Z^4].",PROBABILITY,distributions,en,synthetic,pdi_normal_moments_01,pending
prob_0243,"A Poisson random variable X satisfies P(X = 0) = e^(-2). Find P(X = 3).",PROBABILITY,distributions,en,synthetic,pdi_poisson_from_zero_probability_01,pending
prob_0244,"Let X be uniformly distributed on [-1, 3]. Find E[X], Var(X), and P(X^2 < 1).",PROBABILITY,distributions,en,synthetic,pdi_uniform_symmetric_interval_01,pending
prob_0245,"Let X ~ Binomial(5, 0.4) and Y ~ Binomial(3, 0.4) be independent. Identify the distribution of X + Y and find P(X + Y = 4).",PROBABILITY,distributions,en,synthetic,pdi_binomial_sum_independent_01,pending
prob_0246,"Find the most likely value or values of a Poisson random variable with mean 4.5.",PROBABILITY,distributions,en,synthetic,pdi_poisson_mode_01,pending
prob_0247,"Let U be uniformly distributed on (0, 1). Explain how to use U to generate an exponential random variable with rate λ.",PROBABILITY,distributions,en,synthetic,pdi_inverse_transform_exponential_01,pending
prob_0248,"Bottle volumes are N(500, 4^2) ml. Express the fraction of bottles below 492 ml in terms of Φ.",PROBABILITY,distributions,en,synthetic,pdi_normal_fill_volume_01,pending
prob_0249,"A random variable X is uniformly distributed on {1, 2, ..., n}, and P(X ≤ 3) = 0.15. Find n.",PROBABILITY,distributions,en,synthetic,pdi_discrete_uniform_solve_n_01,pending
prob_0250,"The number of typos on a page is Poisson with mean 2, independently from page to page. What is the probability that a 3-page document contains exactly 5 typos?",PROBABILITY,distributions,en,synthetic,pdi_poisson_pages_sum_01,pending
prob_0251,"Let X ~ N(3, 4) and Y = 2X - 1. Identify the distribution of Y and express P(Y > 7) in terms of Φ.",PROBABILITY,distributions,en,synthetic,pdi_normal_linear_transform_01,pending
prob_0252,"Let X ~ N(1, 4) and Y ~ N(2, 5) be independent. Express P(X + Y > 6) in terms of Φ.",PROBABILITY,distributions,en,synthetic,pdi_normal_sum_independent_01,pending
prob_0253,"Passenger weights are independent with mean 70 kg and standard deviation 12 kg. Use the CLT to approximate P(total weight of 36 passengers > 2600 kg).",PROBABILITY,distributions,en,synthetic,pdi_clt_total_weight_01,pending
prob_0254,"An exponential random variable X with rate λ satisfies P(X > 2) = 0.25. Find λ.",PROBABILITY,distributions,en,synthetic,pdi_exponential_find_rate_01,pending
prob_0255,"A random variable X has density f(x) = c x^2 e^(-x) for x > 0 and f(x) = 0 otherwise. Find the constant c.",PROBABILITY,distributions,en,synthetic,pdi_gamma_normalizing_constant_01,pending
prob_0256,"If E[X] = 3 and Var(X) = 2, find E[X^2] and E[(X - 1)^2].",PROBABILITY,expectation,en,synthetic,pex_moments_from_mean_variance_01,pending
prob_0257,"A fair die is rolled and you win, in dollars, the square of the number shown. What are your expected winnings?",PROBABILITY,expectation,en,synthetic,pex_die_square_winnings_01,pending
prob_0258,"Derive the formula E[X] = 1/p for a geometric random variable X with success probability p, counting trials up to and including the first success.",PROBABILITY,expectation,en,synthetic,pex_geometric_mean_derivation_01,pending
prob_0259,"The lifetime T of a component is exponentially distributed with rate 0.2 per year. Find E[T] and E[T^2].",PROBABILITY,expectation,en,synthetic,pex_exponential_moments_01,pending
prob_0260,"A random variable X has density f(x) = 2(1 - x) for 0 ≤ x ≤ 1. Compute E[X] and E[X^2].",PROBABILITY,expectation,en,synthetic,pex_density_linear_decreasing_moments_01,pending
prob_0261,"Prove that E[aX + b] = aE[X] + b for any random variable X with finite mean and any constants a and b.",PROBABILITY,expectation,en,synthetic,pex_linearity_proof_01,pending
prob_0262,"A lottery ticket costs 2 dollars. It pays 1000 dollars with probability 0.001, pays 10 dollars with probability 0.05, and pays nothing otherwise. What is the expected net gain per ticket?",PROBABILITY,expectation,en,synthetic,pex_lottery_ticket_net_01,pending
prob_0263,"In roulette, a 1-dollar bet on red wins 1 dollar with probability 18/38 and loses the bet otherwise. What is the expected net gain per play?",PROBABILITY,expectation,en,synthetic,pex_roulette_red_01,pending
prob_0264,"Two fair dice are rolled independently. Find the expected value of the sum and the expected value of the product of the two numbers.",PROBABILITY,expectation,en,synthetic,pex_two_dice_sum_product_01,pending
prob_0265,"A fair coin is tossed 10 times. What is the expected number of positions i, with 1 ≤ i ≤ 9, at which toss i and toss i + 1 are both heads?",PROBABILITY,expectation,en,synthetic,pex_indicator_consecutive_heads_01,pending
prob_0266,"A fair die is rolled 6 times. What is the expected number of distinct values that appear?",PROBABILITY,expectation,en,synthetic,pex_distinct_outcomes_dice_01,pending
prob_0267,"A fair six-sided die is rolled repeatedly. What is the expected number of rolls needed until every one of the six faces has appeared at least once?",PROBABILITY,expectation,en,synthetic,pex_expected_rolls_all_faces_01,pending
prob_0268,"You may keep a fair die roll or reroll once and keep the new result. Which rerolling rule maximizes the expected final score, and what is that expected score?",PROBABILITY,expectation,en,synthetic,pex_optimal_two_rolls_01,pending
prob_0269,"Prove that for a random variable X taking values in {0, 1, 2, ...}, E[X] = Σ_{k=1}^∞ P(X ≥ k).",PROBABILITY,expectation,en,synthetic,pex_tail_sum_formula_01,pending
prob_0270,"Let X be uniformly distributed on [0, 1]. Compute E[e^X] and E[1/(1 + X)].",PROBABILITY,expectation,en,synthetic,pex_uniform_functions_01,pending
prob_0271,"A random variable X takes the values 1, 2, 3, ... with P(X = k) = 1/2^k. Find E[X].",PROBABILITY,expectation,en,synthetic,pex_geometric_half_01,pending
prob_0272,"The number of customers arriving per hour is Poisson with mean 5, and each customer spends on average 20 dollars, independently of everything else. What is the expected revenue per hour?",PROBABILITY,expectation,en,synthetic,pex_poisson_revenue_01,pending
prob_0273,"A bag contains 5 red and 7 blue balls. Four balls are drawn without replacement. What is the expected number of red balls drawn?",PROBABILITY,expectation,en,synthetic,pex_hypergeometric_bag_01,pending
prob_0274,"A nonnegative random variable X has E[X] = 2. Use Markov's inequality to bound P(X ≥ 10).",PROBABILITY,expectation,en,synthetic,pex_markov_bound_01,pending
prob_0275,"A stick of length 1 is broken at a uniformly random point. What is the expected length of the longer piece?",PROBABILITY,expectation,en,synthetic,pex_broken_stick_longer_piece_01,pending
prob_0276,"Two points are chosen independently and uniformly at random on the interval [0, 1]. What is the expected distance between them?",PROBABILITY,expectation,en,synthetic,pex_expected_distance_uniform_01,pending
prob_0277,"A fair coin is tossed repeatedly until the pattern HH first appears. What is the expected number of tosses?",PROBABILITY,expectation,en,synthetic,pex_wait_for_hh_01,pending
prob_0278,"Let X ~ Poisson(λ). Compute E[X(X - 1)] and use it to find E[X^2].",PROBABILITY,expectation,en,synthetic,pex_poisson_factorial_moment_01,pending
prob_0279,"A claim amount X is uniformly distributed on [0, 1000] dollars, and an insurance policy pays max(X - 200, 0). What is the expected payout?",PROBABILITY,expectation,en,synthetic,pex_insurance_deductible_01,pending
prob_0280,"A fair coin is tossed until the first head appears. If the first head occurs on toss n, you receive 2^n dollars. Show that the expected payoff is infinite.",PROBABILITY,expectation,en,synthetic,pex_st_petersburg_01,pending
prob_0281,"Let X and Y be independent random variables, each uniformly distributed on [0, 1]. Compute E[max(X, Y)].",PROBABILITY,expectation,en,synthetic,pex_max_two_uniforms_01,pending
prob_0282,"Prove that E[X^2] ≥ (E[X])^2 for any random variable X with finite second moment.",PROBABILITY,expectation,en,synthetic,pex_second_moment_inequality_01,pending
prob_0283,"A student guesses on each of 12 multiple-choice questions with 5 options each. A correct answer scores +4 points and a wrong answer scores -1 point. What is the expected total score?",PROBABILITY,expectation,en,synthetic,pex_negative_marking_guess_01,pending
prob_0284,"A coin lands heads with probability p on each toss, independently. What is the expected number of tails before the first head?",PROBABILITY,expectation,en,synthetic,pex_tails_before_first_head_01,pending
prob_0285,"In a class of 30 students, assume each birthday is equally likely to be any of 365 days, independently. What is the expected number of pairs of students who share a birthday?",PROBABILITY,expectation,en,synthetic,pex_birthday_pairs_01,pending
prob_0286,"A random walk starts at 0 and at each of 100 steps moves +1 or -1 with probability 1/2 each, independently. Find the expected final position and the expected value of its square.",PROBABILITY,expectation,en,synthetic,pex_random_walk_moments_01,pending
prob_0287,"Let X take the values 1, 2, 3 with probabilities 0.2, 0.5, 0.3. Find Var(X).",PROBABILITY,variance,en,synthetic,pva_discrete_three_values_01,pending
prob_0288,"Compute Var(X) for X ~ Binomial(20, 0.3).",PROBABILITY,variance,en,synthetic,pva_binomial_basic_01,pending
prob_0289,"Let X be exponentially distributed with rate 2. Find Var(X).",PROBABILITY,variance,en,synthetic,pva_exponential_rate_two_01,pending
prob_0290,"Prove that Var(X) = E[X^2] - (E[X])^2 for any random variable X with finite second moment.",PROBABILITY,variance,en,synthetic,pva_computational_formula_proof_01,pending
prob_0291,"Prove that Var(aX + b) = a^2 Var(X) for constants a and b.",PROBABILITY,variance,en,synthetic,pva_affine_transformation_proof_01,pending
prob_0292,"Let X_1, ..., X_n be independent random variables, each with variance σ^2. Find the variance of their sample mean.",PROBABILITY,variance,en,synthetic,pva_sample_mean_variance_01,pending
prob_0293,"A fair six-sided die is rolled once. Find the variance of the number shown.",PROBABILITY,variance,en,synthetic,pva_fair_die_01,pending
prob_0294,"A random variable X has density f(x) = 4x^3 for 0 ≤ x ≤ 1. Find Var(X).",PROBABILITY,variance,en,synthetic,pva_density_quartic_01,pending
prob_0295,"Suppose Var(X) = 4, Var(Y) = 9, and Cov(X, Y) = 3. Find Var(X + Y), Var(X - Y), and the correlation coefficient of X and Y.",PROBABILITY,variance,en,synthetic,pva_sum_difference_correlation_01,pending
prob_0296,"Two independent measurements of a length have standard deviations 0.3 mm and 0.4 mm. What is the standard deviation of the sum of the two measurements?",PROBABILITY,variance,en,synthetic,pva_measurement_error_sum_01,pending
prob_0297,"Show that Var(X) = 0 if and only if P(X = c) = 1 for some constant c.",PROBABILITY,variance,en,synthetic,pva_zero_variance_constant_01,pending
prob_0298,"Prove that Cov(X, Y) = E[XY] - E[X]E[Y].",PROBABILITY,variance,en,synthetic,pva_covariance_formula_proof_01,pending
prob_0299,"Give an example of two random variables that are uncorrelated but not independent.",PROBABILITY,variance,en,synthetic,pva_uncorrelated_dependent_example_01,pending
prob_0300,"Show that Var(X + Y) + Var(X - Y) = 2Var(X) + 2Var(Y) for any random variables X and Y with finite variances.",PROBABILITY,variance,en,synthetic,pva_parallelogram_law_01,pending
prob_0301,"Find Var(X) for X ~ Binomial(n, p), and determine the value of p that maximizes it.",PROBABILITY,variance,en,synthetic,pva_binomial_maximize_p_01,pending
prob_0302,"Use Chebyshev's inequality to show that at least 75% of the probability of any random variable with finite variance lies within two standard deviations of its mean.",PROBABILITY,variance,en,synthetic,pva_chebyshev_two_sd_01,pending
prob_0303,"Let X_1, ..., X_n be independent random variables with common mean μ and variance σ^2, and let X̄ be their average. Use Chebyshev's inequality to show that P(|X̄ - μ| ≥ ε) ≤ σ^2/(n ε^2) for every ε > 0.",PROBABILITY,variance,en,synthetic,pva_weak_law_chebyshev_01,pending
prob_0304,"Let X be uniformly distributed on [0, 1]. Find Var(X^2).",PROBABILITY,variance,en,synthetic,pva_uniform_square_01,pending
prob_0305,"Let X_1, ..., X_n be independent random variables, each equal to +1 or -1 with probability 1/2. Find the variance of S = X_1 + ... + X_n.",PROBABILITY,variance,en,synthetic,pva_random_walk_sum_01,pending
prob_0306,"Find Var(X) for a geometric random variable X with success probability p, counting trials up to and including the first success.",PROBABILITY,variance,en,synthetic,pva_geometric_01,pending
prob_0307,"A portfolio puts w in asset A (variance 0.04) and 1 - w in independent asset B (variance 0.09). Which w minimizes the portfolio variance?",PROBABILITY,variance,en,synthetic,pva_portfolio_minimize_01,pending
prob_0308,"Five cards are dealt from a standard deck. Find the variance of the number of aces among them.",PROBABILITY,variance,en,synthetic,pva_hypergeometric_aces_01,pending
prob_0309,"Let X be uniformly distributed on [0, 1] and Y = 1 - X. Find Cov(X, Y) and the correlation coefficient of X and Y.",PROBABILITY,variance,en,synthetic,pva_uniform_complement_covariance_01,pending
prob_0310,"Prove that |Cov(X, Y)| ≤ sqrt(Var(X) Var(Y)) for random variables X and Y with finite positive variances.",PROBABILITY,variance,en,synthetic,pva_covariance_bound_proof_01,pending
prob_0311,"Each reading from an instrument has standard deviation 5, and readings are independent. How many readings must be averaged so that the average has standard deviation at most 0.5?",PROBABILITY,variance,en,synthetic,pva_sample_size_average_01,pending
prob_0312,"The joint probability mass function of (X, Y) is P(X = x, Y = y) = (x + y)/21 for x ∈ {1, 2} and y ∈ {1, 2, 3}. Find the marginal probability mass function of Y and P(X = 2 | Y = 3).",PROBABILITY,joint_distributions,en,synthetic,pjt_pmf_linear_two_by_three_01,pending
prob_0313,"Two fair dice are rolled, and X is the smaller and Y the larger of the two numbers. Find P(X = 1, Y = 2) and P(X = Y).",PROBABILITY,joint_distributions,en,synthetic,pjt_min_max_dice_01,pending
prob_0314,"The random variables X and Y have joint density f(x, y) = e^(-(x + y)) for x > 0 and y > 0. Find P(X + Y < 1) and the marginal density of X.",PROBABILITY,joint_distributions,en,synthetic,pjt_exponential_pair_sum_01,pending
prob_0315,"The random vector (X, Y) has joint density f(x, y) = 8xy for 0 ≤ x ≤ y ≤ 1. Find the marginal density of Y and E[X | Y = 1/2].",PROBABILITY,joint_distributions,en,synthetic,pjt_triangular_conditional_mean_01,pending
prob_0316,"X and Y are independent, X is uniform on [0, 2], and Y is uniform on [0, 1]. Find P(X > 2Y).",PROBABILITY,joint_distributions,en,synthetic,pjt_independent_uniform_compare_01,pending
prob_0317,"The point (X, Y) is uniformly distributed on the triangle with vertices (0, 0), (1, 0), and (0, 1). Find the marginal density of X and P(X > Y).",PROBABILITY,joint_distributions,en,synthetic,pjt_uniform_triangle_marginal_01,pending
prob_0318,"A point (X, Y) is chosen uniformly at random from the unit disk x^2 + y^2 ≤ 1. Are X and Y independent? Justify your answer.",PROBABILITY,joint_distributions,en,synthetic,pjt_disk_not_independent_01,pending
prob_0319,"Let X and Y be independent geometric random variables, each with success probability 1/2, counting trials up to and including the first success. Find P(X = Y).",PROBABILITY,joint_distributions,en,synthetic,pjt_iid_geometric_equal_01,pending
prob_0320,"Let X and Y be independent exponential random variables with the same rate λ. Find the density of X + Y.",PROBABILITY,joint_distributions,en,synthetic,pjt_sum_exponentials_density_01,pending
prob_0321,"Let X and Y be independent standard normal random variables. Find P(X > Y) and express P(X + Y > 2) in terms of Φ.",PROBABILITY,joint_distributions,en,synthetic,pjt_independent_normals_01,pending
prob_0322,"The random vector (X, Y) has joint density f(x, y) = 4xy for 0 ≤ x ≤ 1 and 0 ≤ y ≤ 1. Show that X and Y are independent and find P(X < Y).",PROBABILITY,joint_distributions,en,synthetic,pjt_product_density_independence_01,pending
prob_0323,"The pair (X, Y) is uniformly distributed over the six points (0, 0), (0, 1), (1, 0), (1, 1), (2, 0), and (2, 1). Find P(X + Y = 2) and E[X | Y = 1].",PROBABILITY,joint_distributions,en,synthetic,pjt_uniform_six_points_01,pending
prob_0324,"Let X ~ Poisson(2) and Y ~ Poisson(3) be independent. Given that X + Y = 5, what is the conditional distribution of X?",PROBABILITY,joint_distributions,en,synthetic,pjt_poisson_conditional_binomial_01,pending
prob_0325,"Let X and Y be independent exponential random variables with rates λ and μ. Find the distribution of min(X, Y).",PROBABILITY,joint_distributions,en,synthetic,pjt_minimum_of_exponentials_01,pending
prob_0326,"X is uniformly distributed on {1, 2, 3}, and given X = k, Y is uniformly distributed on {1, ..., k}. Find P(Y = 1) and P(X = 3 | Y = 1).",PROBABILITY,joint_distributions,en,synthetic,pjt_hierarchical_uniform_01,pending
prob_0327,"A female insect lays N eggs, where N ~ Poisson(λ), and each egg independently hatches with probability p. Find the distribution of the number of eggs that hatch.",PROBABILITY,joint_distributions,en,synthetic,pjt_poisson_thinning_01,pending
prob_0328,"The point (X, Y) is uniformly distributed on the square [-1, 1] × [-1, 1]. Find P(X^2 + Y^2 ≤ 1/4).",PROBABILITY,joint_distributions,en,synthetic,pjt_uniform_square_small_circle_01,pending
prob_0329,"Prove that if X and Y are independent discrete random variables with finite means, then E[XY] = E[X]E[Y].",PROBABILITY,joint_distributions,en,synthetic,pjt_expectation_product_proof_01,pending
prob_0330,"A fair coin is tossed 3 times. Let X be the number of heads in the first two tosses and Y the number of heads in all three. Find P(Y = 2 | X = 1), and decide whether X and Y are independent.",PROBABILITY,joint_distributions,en,synthetic,pjt_coin_prefix_total_01,pending
prob_0331,"Let X and Y be independent fair bits and Z = X + Y mod 2. Show that Z is independent of X and of Y, but that X, Y, Z are not mutually independent.",PROBABILITY,joint_distributions,en,synthetic,pjt_xor_pairwise_independence_01,pending
prob_0332,"The joint density of (X, Y) is f(x, y) = e^(-y) for 0 < x < y. Find the marginal density of X and E[Y | X = x].",PROBABILITY,joint_distributions,en,synthetic,pjt_shifted_exponential_conditional_01,pending
prob_0333,"Let X and Y be independent random variables, each uniformly distributed on [0, 1]. What is the probability that their product XY exceeds 1/2?",PROBABILITY,joint_distributions,en,synthetic,pjt_product_of_uniforms_01,pending
disc_0001,"Write the negation of the statement ""For every real number x there exists a real number y such that y > x^2"", and decide which of the two statements is true.",DISCRETE,logic,en,synthetic,quantifier_negation_01,pending
disc_0002,"Finite sets A, B, and C satisfy |A| = 20, |B| = 25, |C| = 15, |A ∩ B| = 8, |A ∩ C| = 5, |B ∩ C| = 6, and |A ∩ B ∩ C| = 2. Find |A ∪ B ∪ C|.",DISCRETE,sets,en,synthetic,sets_inclusion_exclusion_three_01,pending
disc_0003,"Let R = {(1,1), (2,2), (3,3), (4,4), (1,2), (2,1), (3,4), (4,3)} be a relation on the set {1, 2, 3, 4}. Determine whether R is reflexive, symmetric, and transitive, and, if it is an equivalence relation, list its equivalence classes.",DISCRETE,relations,en,synthetic,relation_properties_classes_01,pending
disc_0004,"Let f: ℤ → ℤ be defined by f(n) = 2n + 1. Is f injective? Is f surjective?",DISCRETE,functions,en,synthetic,function_injective_surjective_01,pending
disc_0005,"A club has 10 members. It must choose a president, a treasurer, and a social committee of 3 people, where the order within the committee does not matter and no member may hold more than one of these positions. In how many ways can this be done?",DISCRETE,counting,en,synthetic,counting_officers_committee_01,pending
disc_0006,"At a gathering of 7 people, is it possible that every person shakes hands with exactly 3 of the others, with no pair of people shaking hands more than once? Justify your answer.",DISCRETE,graph_theory,en,synthetic,graph_degree_parity_01,pending
disc_0007,"Use mathematical induction to prove that 3^n ≥ n^3 for every integer n ≥ 3.",DISCRETE,induction,en,synthetic,induction_exponential_inequality_01,pending
disc_0008,"Solve the recurrence a_n = 5a_{n-1} - 6a_{n-2} for n ≥ 2, with a_0 = 1 and a_1 = 4, and give a closed formula for a_n.",DISCRETE,recurrences,en,synthetic,recurrence_linear_homogeneous_01,pending
disc_0009,"Use the Euclidean algorithm to find gcd(924, 1078), and then write this gcd as an integer linear combination of 924 and 1078.",DISCRETE,divisibility,en,synthetic,gcd_bezout_01,pending
disc_0010,"Today is a Monday. On which day of the week will it be exactly 10^100 days from today?",DISCRETE,modular_arithmetic,en,synthetic,modular_weekday_power_01,pending
disc_0011,"Use a truth table to decide whether (p → q) ∧ (q → r) logically implies p → r.",DISCRETE,logic,en,synthetic,logic_hypothetical_syllogism_01,pending
disc_0012,"Determine whether the formulas p → (q ∨ r) and (p ∧ ¬q) → r are logically equivalent.",DISCRETE,logic,en,synthetic,logic_equivalence_conditional_01,pending
disc_0013,"Let P(x) mean 'x is prime' and E(x) mean 'x is even', where x ranges over the positive integers. Write the statement 'There is exactly one positive integer that is both prime and even' in symbolic logic using quantifiers.",DISCRETE,logic,en,synthetic,logic_translate_quantifiers_01,pending
disc_0014,"Prove by contrapositive that for every integer n, if n^2 is odd then n is odd.",DISCRETE,logic,en,synthetic,logic_contrapositive_proof_01,pending
disc_0015,"On an island, every inhabitant is either a knight, who always tells the truth, or a knave, who always lies. You meet two inhabitants, A and B. A says 'B is a knave.' B says 'A and I are both knights.' Determine, with justification, what A and B are.",DISCRETE,logic,en,synthetic,logic_knights_knaves_01,pending
disc_0016,"In a survey of 100 students, 60 study mathematics, 50 study physics, and 20 study neither subject. How many students study both?",DISCRETE,sets,en,synthetic,sets_survey_both_01,pending
disc_0017,"Let A = {1, 2, 3} and B = {a, b}. List all elements of the Cartesian product A × B and all elements of the power set of B.",DISCRETE,sets,en,synthetic,sets_product_powerset_01,pending
disc_0018,"Use set identities, not Venn diagrams, to prove that A \ (B ∪ C) = (A \ B) ∩ (A \ C) for all sets A, B, and C.",DISCRETE,sets,en,synthetic,sets_difference_identity_01,pending
disc_0019,"Prove that the set of all finite subsets of the positive integers is countably infinite.",DISCRETE,sets,en,synthetic,sets_countable_finite_subsets_01,pending
disc_0020,"Define a relation R on the integers by a R b if and only if a - b is divisible by 5. Prove that R is an equivalence relation and describe its equivalence classes.",DISCRETE,relations,en,synthetic,relation_congruence_classes_01,pending
disc_0021,"Let R be the relation on the positive integers defined by a R b if and only if a divides b. Determine whether R is reflexive, symmetric, antisymmetric, and transitive.",DISCRETE,relations,en,synthetic,relation_divisibility_properties_01,pending
disc_0022,"The relation R on {1, 2, 3, 4, 5} is given by R = {(1,2), (2,3), (3,4), (4,5)}. Find the transitive closure of R.",DISCRETE,relations,en,synthetic,relation_transitive_closure_01,pending
disc_0023,"On the set A = {2, 3, 4, 6, 12, 18}, define a ≤ b to mean that a divides b. Find all minimal and all maximal elements, and decide whether A has a least element or a greatest element.",DISCRETE,relations,en,synthetic,relation_poset_extremal_01,pending
disc_0024,"For relations R and S on a set A, define R ∘ S = {(a, c) : there is some b with (a, b) ∈ R and (b, c) ∈ S}. Prove or disprove: if R and S are both symmetric, then R ∘ S is symmetric.",DISCRETE,relations,en,synthetic,relation_composition_symmetric_01,pending
disc_0025,"Let f be the function on {1, 2, 3, 4} with f(1) = 2, f(2) = 3, f(3) = 1, and f(4) = 4. Find the smallest positive integer k such that composing f with itself k times gives the identity function.",DISCRETE,functions,en,synthetic,function_permutation_order_01,pending
disc_0026,"Let g: ℤ × ℤ → ℤ be defined by g(m, n) = 3m + 5n. Prove that g is surjective, and determine whether g is injective.",DISCRETE,functions,en,synthetic,function_linear_surjective_01,pending
disc_0027,"How many surjective functions are there from a 5-element set onto a 3-element set?",DISCRETE,functions,en,synthetic,function_count_surjections_01,pending
disc_0028,"Let ℕ = {0, 1, 2, ...} and define f: ℕ → ℕ by f(n) = ⌊n/2⌋. Determine whether f is injective, surjective, or bijective, and find the preimage f^{-1}({3}).",DISCRETE,functions,en,synthetic,function_floor_preimage_01,pending
disc_0029,"How many distinct arrangements can be made using all the letters of the word BANANA?",DISCRETE,counting,en,synthetic,counting_multiset_permutations_01,pending
disc_0030,"A restaurant offers 5 appetizers, 8 main courses, and 4 desserts. A meal consists of one main course together with either one appetizer or one dessert, but not both. How many different meals are possible?",DISCRETE,counting,en,synthetic,counting_menu_choices_01,pending
disc_0031,"How many positive integers less than 1000 have digits that add up to 10?",DISCRETE,counting,en,synthetic,counting_digit_sum_01,pending
disc_0032,"In how many ways can 10 identical candies be distributed among 4 children if every child must receive at least one candy?",DISCRETE,counting,en,synthetic,counting_stars_and_bars_01,pending
disc_0033,"How many integers from 1 to 1000, inclusive, are divisible by none of 2, 3, and 5?",DISCRETE,counting,en,synthetic,counting_inclusion_exclusion_divisors_01,pending
disc_0034,"In how many ways can 6 people be seated around a circular table if two particular people, Ana and Ben, must not sit next to each other? Two seatings are considered the same if one can be obtained from the other by rotating the table.",DISCRETE,counting,en,synthetic,counting_circular_seating_01,pending
disc_0035,"Find the coefficient of x^5 y^3 in the expansion of (2x - y)^8.",DISCRETE,counting,en,synthetic,counting_binomial_coefficient_01,pending
disc_0036,"How many permutations of the numbers 1, 2, 3, 4, 5 leave no number in its original position?",DISCRETE,counting,en,synthetic,counting_derangements_01,pending
disc_0037,"A simple graph has vertices a, b, c, d, e and edges ab, bc, cd, de, ea, and ac. Find the degree of every vertex and decide whether the graph has an Euler circuit.",DISCRETE,graph_theory,en,synthetic,graph_euler_circuit_degrees_01,pending
disc_0038,"Prove that every tree with n ≥ 2 vertices has at least two leaves.",DISCRETE,graph_theory,en,synthetic,graph_tree_leaves_01,pending
disc_0039,"How many edges does the complete graph K_8 have, and how many edges does the complete bipartite graph K_{3,5} have?",DISCRETE,graph_theory,en,synthetic,graph_edge_counts_complete_01,pending
disc_0040,"Is the graph with vertices 1, 2, 3, 4, 5, 6 and edges {1,2}, {2,3}, {3,4}, {4,5}, {5,6}, {6,1}, {1,4} bipartite? Justify your answer.",DISCRETE,graph_theory,en,synthetic,graph_bipartite_check_01,pending
disc_0041,"In a weighted undirected graph on vertices A, B, C, D, E, the edge weights are AB = 4, AC = 2, BC = 1, BD = 5, CD = 8, CE = 10, and DE = 2, and there are no other edges. What is the length of a shortest path from A to E?",DISCRETE,graph_theory,en,synthetic,graph_shortest_path_weighted_01,pending
disc_0042,"Prove that in any simple graph with at least two vertices, there are two vertices with the same degree.",DISCRETE,graph_theory,en,synthetic,graph_pigeonhole_degrees_01,pending
disc_0043,"What is the chromatic number of the cycle graph C_7, and what is the chromatic number of the wheel graph obtained from C_5 by adding a new vertex adjacent to all five vertices of the cycle?",DISCRETE,graph_theory,en,synthetic,graph_chromatic_wheel_01,pending
disc_0044,"Prove by induction that 1 + 3 + 5 + ... + (2n - 1) = n^2 for every integer n ≥ 1.",DISCRETE,induction,en,synthetic,induction_odd_sum_01,pending
disc_0045,"Prove by mathematical induction that 7^n - 1 is divisible by 6 for every integer n ≥ 0.",DISCRETE,induction,en,synthetic,induction_divisibility_seven_01,pending
disc_0046,"Prove that n! > 2^n for every integer n ≥ 4.",DISCRETE,induction,en,synthetic,induction_factorial_exponential_01,pending
disc_0047,"Use strong induction to prove that every integer n ≥ 2 is either prime or a product of primes.",DISCRETE,induction,en,synthetic,induction_strong_prime_factorization_01,pending
disc_0048,"The Fibonacci numbers are defined by F_1 = 1, F_2 = 1, and F_{n+2} = F_{n+1} + F_n for n ≥ 1. Prove by induction that F_1 + F_2 + ... + F_n = F_{n+2} - 1 for every n ≥ 1.",DISCRETE,induction,en,synthetic,induction_fibonacci_sum_01,pending
disc_0049,"Find a closed formula for the sequence defined by a_0 = 2, a_1 = 5, and a_n = 4a_{n-1} - 4a_{n-2} for n ≥ 2.",DISCRETE,recurrences,en,synthetic,recurrence_repeated_root_01,pending
disc_0050,"Let a_n be the number of binary strings of length n that do not contain two consecutive 1s. Find a recurrence relation for a_n, together with the initial values a_1 and a_2.",DISCRETE,recurrences,en,synthetic,recurrence_no_consecutive_ones_01,pending
disc_0051,"You deposit 1000 dollars in an account that earns 5% interest per year, compounded annually. At the end of each year, right after the interest is added, you withdraw 100 dollars. Let b_n be the balance after n years. Write a recurrence relation for b_n and solve it.",DISCRETE,recurrences,en,synthetic,recurrence_balance_withdrawal_01,pending
disc_0052,"Solve the recurrence a_n = 2a_{n-1} + 3^n for n ≥ 1, given that a_0 = 1.",DISCRETE,recurrences,en,synthetic,recurrence_nonhomogeneous_01,pending
disc_0053,"In the Tower of Hanoi puzzle with three pegs, n disks of different sizes start stacked on one peg. Only one disk may be moved at a time, and a larger disk may never be placed on top of a smaller one. Let T_n be the minimum number of moves needed to transfer all n disks to another peg. Find a recurrence relation for T_n and solve it.",DISCRETE,recurrences,en,synthetic,recurrence_tower_of_hanoi_01,pending
disc_0054,"Find the prime factorization of 8085 and determine how many positive divisors it has.",DISCRETE,divisibility,en,synthetic,divisibility_prime_factorization_01,pending
disc_0055,"Show that n^3 - n is divisible by 6 for every integer n.",DISCRETE,divisibility,en,synthetic,divisibility_cube_minus_n_01,pending
disc_0056,"Find all integer solutions (x, y) of the equation 12x + 18y = 30.",DISCRETE,divisibility,en,synthetic,diophantine_linear_01,pending
disc_0057,"Three lights blink every 12, 18, and 30 seconds, respectively, and all three blink together at time 0. After how many seconds do they next blink together, and at how many times t with 0 < t ≤ 3600 seconds do all three blink together?",DISCRETE,divisibility,en,synthetic,divisibility_lcm_lights_01,pending
disc_0058,"Find the last two digits of 7^2025.",DISCRETE,modular_arithmetic,en,synthetic,modular_last_digits_01,pending
disc_0059,"Solve the congruence 17x ≡ 5 (mod 43).",DISCRETE,modular_arithmetic,en,synthetic,modular_linear_congruence_01,pending
disc_0060,"Find all integers x satisfying x ≡ 2 (mod 3), x ≡ 3 (mod 5), and x ≡ 2 (mod 7).",DISCRETE,modular_arithmetic,en,synthetic,modular_chinese_remainder_01,pending
disc_0061,"In how many ways can the letters of MISSISSIPPI be arranged so that no two S's are adjacent?",DISCRETE,counting,en,synthetic,dct_mississippi_no_adjacent_s_01,pending
disc_0062,"How many 5-digit numbers can be formed from the digits 1 through 9, using no digit more than once, if the last digit must be even?",DISCRETE,counting,en,synthetic,dct_five_digit_even_last_01,pending
disc_0063,"How many bit strings of length 10 contain exactly four 1s?",DISCRETE,counting,en,synthetic,dct_bit_strings_four_ones_01,pending
disc_0064,"How many bit strings of length 12 either begin with 11 or end with 00 (or both)?",DISCRETE,counting,en,synthetic,dct_bit_strings_begin_or_end_01,pending
disc_0065,"In how many ways can a committee of 3 be chosen from 8 people if two particular people refuse to serve on the committee together?",DISCRETE,counting,en,synthetic,dct_committee_incompatible_pair_01,pending
disc_0066,"In how many ways can 8 distinct books be arranged on a shelf if 3 particular books must stay next to each other?",DISCRETE,counting,en,synthetic,dct_books_block_together_01,pending
disc_0067,"How many functions are there from the set {1, 2, 3, 4, 5} to the set {a, b, c}?",DISCRETE,counting,en,synthetic,dct_functions_total_count_01,pending
disc_0068,"How many injective functions are there from a 4-element set into a 7-element set?",DISCRETE,counting,en,synthetic,dct_injective_functions_count_01,pending
disc_0069,"A license plate consists of 3 letters followed by 4 digits. Letters may repeat, but the four digits must be all different. How many plates are possible?",DISCRETE,counting,en,synthetic,dct_license_plate_distinct_digits_01,pending
disc_0070,"In how many ways can 5 hearts be chosen from the 13 hearts of a standard deck, if the order of selection does not matter?",DISCRETE,counting,en,synthetic,dct_five_hearts_choice_01,pending
disc_0071,"In how many ways can 10 people be split into two teams of 5 if the teams are not labeled?",DISCRETE,counting,en,synthetic,dct_unlabeled_teams_01,pending
disc_0072,"How many solutions in nonnegative integers does the equation x_1 + x_2 + x_3 + x_4 = 12 have?",DISCRETE,counting,en,synthetic,dct_nonnegative_solutions_01,pending
disc_0073,"How many solutions in positive integers does x + y + z = 15 have if x ≤ 5?",DISCRETE,counting,en,synthetic,dct_bounded_positive_solutions_01,pending
disc_0074,"How many 4-letter strings over the 26-letter alphabet contain at least one vowel (A, E, I, O, or U), with repeated letters allowed?",DISCRETE,counting,en,synthetic,dct_at_least_one_vowel_strings_01,pending
disc_0075,"In how many ways can 5 people be seated in a row of 8 chairs?",DISCRETE,counting,en,synthetic,dct_people_in_row_of_chairs_01,pending
disc_0076,"How many paths are there from (0, 0) to (6, 4) if each step goes one unit right or one unit up?",DISCRETE,counting,en,synthetic,dct_lattice_paths_01,pending
disc_0077,"How many lattice paths from (0, 0) to (5, 5), using unit steps right or up, do not pass through the point (2, 2)?",DISCRETE,counting,en,synthetic,dct_lattice_paths_avoid_point_01,pending
disc_0078,"In how many ways can 4 married couples be seated around a round table so that each couple sits together? Two seatings that differ by a rotation are considered the same.",DISCRETE,counting,en,synthetic,dct_couples_together_round_table_01,pending
disc_0079,"How many integers from 1 to 500, inclusive, are divisible by 3 but not by 5?",DISCRETE,counting,en,synthetic,dct_divisible_three_not_five_01,pending
disc_0080,"A committee of 4 is to be chosen from 6 women and 5 men. How many committees contain at least 2 women?",DISCRETE,counting,en,synthetic,dct_committee_at_least_two_women_01,pending
disc_0081,"A pizza shop offers 8 different toppings. How many different pizzas can be ordered with at most 3 toppings, including the plain pizza with no toppings?",DISCRETE,counting,en,synthetic,dct_pizza_at_most_three_toppings_01,pending
disc_0082,"How many strings of length 6 over the alphabet {a, b, c} contain exactly two a's?",DISCRETE,counting,en,synthetic,dct_ternary_exactly_two_a_01,pending
disc_0083,"What is the smallest number of people that guarantees at least two of them were born in the same calendar month?",DISCRETE,counting,en,synthetic,dct_pigeonhole_birth_months_01,pending
disc_0084,"Prove that among any 5 points placed inside a square of side 1, there are two whose distance is at most sqrt(2)/2.",DISCRETE,counting,en,synthetic,dct_pigeonhole_points_in_square_01,pending
disc_0085,"How many different necklaces can be made from 6 distinct beads if two necklaces are considered the same when one is a rotation of the other, but reflections count as different?",DISCRETE,counting,en,synthetic,dct_necklaces_rotation_only_01,pending
disc_0086,"In how many ways can 6 doughnuts be chosen from 4 varieties if there are at least 6 doughnuts of each variety available and only the number of each variety matters?",DISCRETE,counting,en,synthetic,dct_doughnuts_multiset_01,pending
disc_0087,"How many 3-digit numbers have digits that are strictly increasing from left to right?",DISCRETE,counting,en,synthetic,dct_increasing_digits_numbers_01,pending
disc_0088,"A true-or-false test has 10 questions. In how many ways can it be answered so that at least 8 of the answers are 'true'?",DISCRETE,counting,en,synthetic,dct_true_false_at_least_eight_01,pending
disc_0089,"How many 5-card hands from a standard 52-card deck contain exactly two kings?",DISCRETE,counting,en,synthetic,dct_hand_exactly_two_kings_01,pending
disc_0090,"In how many ways can a 5-element set be partitioned into 2 non-empty subsets, where the two subsets are not labeled?",DISCRETE,counting,en,synthetic,dct_set_partitions_two_blocks_01,pending
disc_0091,"In how many ways can 3 seats be chosen from a row of 10 seats so that no two chosen seats are adjacent?",DISCRETE,counting,en,synthetic,dct_non_adjacent_seats_01,pending
disc_0092,"How many 8-letter words over the alphabet {a, b, c, d} contain exactly three a's and exactly two b's?",DISCRETE,counting,en,synthetic,dct_words_exact_letter_counts_01,pending
disc_0093,"For a set with n elements, how many subsets contain an even number of elements? Give a formula in n and check it for n = 3.",DISCRETE,counting,en,synthetic,dct_even_subsets_count_01,pending
disc_0094,"Give a combinatorial proof of Pascal's identity: C(n, k) = C(n - 1, k - 1) + C(n - 1, k) for 1 ≤ k ≤ n - 1.",DISCRETE,counting,en,synthetic,dct_pascal_identity_proof_01,pending
disc_0095,"Find a closed form for Σ_{k=0}^{n} C(n, k)^2 and justify it with a counting argument.",DISCRETE,counting,en,synthetic,dct_vandermonde_squares_sum_01,pending
disc_0096,"In how many ways can 3 boys and 3 girls stand in a line so that boys and girls alternate?",DISCRETE,counting,en,synthetic,dct_alternating_line_01,pending
disc_0097,"How many integer solutions does x_1 + x_2 + x_3 = 10 have if 1 ≤ x_i ≤ 5 for each i?",DISCRETE,counting,en,synthetic,dct_bounded_solutions_three_variables_01,pending
disc_0098,"How many 4-digit numbers are divisible by 5 and have four distinct digits?",DISCRETE,counting,en,synthetic,dct_four_digit_div_five_distinct_01,pending
disc_0099,"Three clubs each have 5 members, and no student belongs to more than one club. In how many ways can a committee of 4 students be chosen so that every club is represented?",DISCRETE,counting,en,synthetic,dct_committee_all_clubs_01,pending
disc_0100,"In how many ways can 12 identical cookies be given to 3 children if no child receives more than 6 cookies?",DISCRETE,counting,en,synthetic,dct_cookies_at_most_six_01,pending
disc_0101,"In how many ways can 5 red flags and 4 blue flags be arranged in a line so that no two blue flags are adjacent? Flags of the same color are indistinguishable.",DISCRETE,counting,en,synthetic,dct_flags_no_adjacent_blue_01,pending
disc_0102,"How many edges does a graph with degree sequence (4, 3, 3, 2, 2, 2) have?",DISCRETE,graph_theory,en,synthetic,dgr_degree_sequence_edge_count_01,pending
disc_0103,"Does there exist a simple graph with degree sequence (3, 3, 2, 2, 2)? Justify your answer.",DISCRETE,graph_theory,en,synthetic,dgr_degree_sequence_realizable_01,pending
disc_0104,"Is there a simple graph whose vertex degrees are 5, 5, 4, 3, 2, 1? Justify your answer.",DISCRETE,graph_theory,en,synthetic,dgr_degree_sequence_not_graphic_01,pending
disc_0105,"How many edges does a 4-regular graph on 10 vertices have?",DISCRETE,graph_theory,en,synthetic,dgr_regular_graph_edges_01,pending
disc_0106,"Is the complete graph K_5 planar? Justify your answer.",DISCRETE,graph_theory,en,synthetic,dgr_k5_nonplanar_01,pending
disc_0107,"A connected planar graph has 12 vertices and 30 edges. How many faces does any planar drawing of it have?",DISCRETE,graph_theory,en,synthetic,dgr_euler_formula_faces_01,pending
disc_0108,"What is the largest number of edges that a simple planar graph on 10 vertices can have? Justify your answer with Euler's formula.",DISCRETE,graph_theory,en,synthetic,dgr_planar_max_edges_ten_01,pending
disc_0109,"The star graph has a center vertex 1 joined to each of the four vertices 2, 3, 4, 5, and has no other edges. Does it have a Hamiltonian path? A Hamiltonian cycle?",DISCRETE,graph_theory,en,synthetic,dgr_star_hamiltonian_01,pending
disc_0110,"Find an Euler trail in the graph with vertices a, b, c, d, e and edges ab, bc, cd, da, ac, ce.",DISCRETE,graph_theory,en,synthetic,dgr_euler_trail_find_01,pending
disc_0111,"For which positive integers n ≥ 3 does the complete graph K_n have an Euler circuit?",DISCRETE,graph_theory,en,synthetic,dgr_complete_graph_euler_circuit_01,pending
disc_0112,"For which values of m and n does the complete bipartite graph K_{m,n} have an Euler circuit?",DISCRETE,graph_theory,en,synthetic,dgr_complete_bipartite_euler_circuit_01,pending
disc_0113,"What is the smallest number of edges a connected simple graph on 25 vertices can have, and which graphs attain that number?",DISCRETE,graph_theory,en,synthetic,dgr_connected_min_edges_25_01,pending
disc_0114,"How many spanning trees does the cycle graph C_6 have?",DISCRETE,graph_theory,en,synthetic,dgr_spanning_trees_of_cycle_01,pending
disc_0115,"Use Kruskal's algorithm to find a minimum spanning tree of the graph on vertices P, Q, R, S, T, U with edge weights PQ = 7, PR = 3, QR = 4, QS = 2, RS = 5, RT = 6, ST = 1, SU = 8, and TU = 3. What is its total weight?",DISCRETE,graph_theory,en,synthetic,dgr_kruskal_mst_01,pending
disc_0116,"A full binary tree is one in which every internal vertex has exactly two children. How many leaves does a full binary tree with 15 vertices have?",DISCRETE,graph_theory,en,synthetic,dgr_full_binary_tree_leaves_01,pending
disc_0117,"A tree has 3 vertices of degree 3, 1 vertex of degree 4, and all of its other vertices are leaves. How many vertices does the tree have?",DISCRETE,graph_theory,en,synthetic,dgr_tree_degrees_vertex_count_01,pending
disc_0118,"Is the complete bipartite graph K_{3,3} planar? Explain.",DISCRETE,graph_theory,en,synthetic,dgr_k33_nonplanar_01,pending
disc_0119,"Graph G has vertices 1, 2, 3, 4 and edges 12, 23, 34, 41, 13. Graph H has vertices a, b, c, d and edges ab, bc, cd, da, bd. Are G and H isomorphic? If so, give an isomorphism.",DISCRETE,graph_theory,en,synthetic,dgr_isomorphism_cycle_with_chord_01,pending
disc_0120,"Are the cycle graph C_6 and the disjoint union of two triangles isomorphic? Explain.",DISCRETE,graph_theory,en,synthetic,dgr_noniso_cycle_vs_two_triangles_01,pending
disc_0121,"How many pairwise non-isomorphic simple graphs are there on 3 vertices?",DISCRETE,graph_theory,en,synthetic,dgr_count_graphs_three_vertices_01,pending
disc_0122,"Write the adjacency matrix of the directed graph with vertices 1, 2, 3 and edges 1→2, 2→3, 3→1, and 1→3, and use it to count the walks of length 2 from vertex 1 to vertex 1.",DISCRETE,graph_theory,en,synthetic,dgr_adjacency_matrix_walks_01,pending
disc_0123,"In the graph with vertices a, b, c, d, e, f and edges ab, ac, bd, cd, de, ef, use breadth-first search to find the distance from a to f.",DISCRETE,graph_theory,en,synthetic,dgr_bfs_distance_01,pending
disc_0124,"How many games are played in a round-robin tournament with 12 teams in which every pair of teams plays exactly once?",DISCRETE,graph_theory,en,synthetic,dgr_round_robin_games_01,pending
disc_0125,"What is the smallest number of edges that guarantees a simple graph on 7 vertices is connected?",DISCRETE,graph_theory,en,synthetic,dgr_edges_guarantee_connected_seven_01,pending
disc_0126,"A school must schedule final exams in six subjects A, B, C, D, E, F. Two subjects conflict if some student takes both, and the conflicts are AB, AC, BC, CD, DE, EF, and DF. What is the minimum number of time slots needed so that no two conflicting exams share a slot?",DISCRETE,graph_theory,en,synthetic,dgr_exam_scheduling_coloring_01,pending
disc_0127,"The tree T has vertices 1 through 7 and edges 12, 13, 24, 25, 36, 37. Split its vertices into two sets so that every edge joins the two sets, and explain why every tree admits such a split.",DISCRETE,graph_theory,en,synthetic,dgr_tree_two_coloring_01,pending
disc_0128,"A simple graph on 8 vertices has 10 edges. How many edges does its complement have?",DISCRETE,graph_theory,en,synthetic,dgr_complement_edge_count_01,pending
disc_0129,"Is there a simple graph on 6 vertices that is isomorphic to its own complement? Justify your answer.",DISCRETE,graph_theory,en,synthetic,dgr_self_complementary_six_vertices_01,pending
disc_0130,"A connected graph has 10 vertices and 9 edges. Must it be a tree? Explain.",DISCRETE,graph_theory,en,synthetic,dgr_connected_nine_edges_tree_01,pending
disc_0131,"In a bipartite graph the left vertices are a, b, c, the right vertices are 1, 2, 3, and the edges are a1, a2, b1, and c1. Does this graph have a matching that covers all of a, b, and c? Justify your answer.",DISCRETE,graph_theory,en,synthetic,dgr_hall_matching_failure_01,pending
disc_0132,"Show that in any group of 6 people, there are three people who all know each other or three people none of whom know each other.",DISCRETE,graph_theory,en,synthetic,dgr_ramsey_six_people_01,pending
disc_0133,"In a directed graph with vertices S, A, B, C, T, the edge weights are S→A: 2, S→B: 5, A→B: 1, A→C: 4, B→C: 1, B→T: 6, and C→T: 3. What is the length of a shortest path from S to T?",DISCRETE,graph_theory,en,synthetic,dgr_dijkstra_directed_01,pending
disc_0134,"In the complete graph K_4 with vertices 1, 2, 3, 4, how many paths (with no repeated vertices) are there from vertex 1 to vertex 2?",DISCRETE,graph_theory,en,synthetic,dgr_paths_in_k4_01,pending
disc_0135,"List all simple graphs on 5 vertices in which every vertex has degree 2, up to isomorphism.",DISCRETE,graph_theory,en,synthetic,dgr_two_regular_five_vertices_01,pending
disc_0136,"How many vertices and how many edges does the 4-dimensional hypercube graph Q_4 have, and is it bipartite?",DISCRETE,graph_theory,en,synthetic,dgr_hypercube_q4_01,pending
disc_0137,"Prove that in a connected graph, any two longest paths share at least one vertex.",DISCRETE,graph_theory,en,synthetic,dgr_longest_paths_share_vertex_01,pending
disc_0138,"Prove that an edge of a graph is a bridge, meaning that its removal disconnects the component containing it, if and only if it lies on no cycle.",DISCRETE,graph_theory,en,synthetic,dgr_bridge_no_cycle_proof_01,pending
disc_0139,"Construct a truth table for ¬(p ∧ q) ↔ (¬p ∨ ¬q).",DISCRETE,logic,en,synthetic,dlg_de_morgan_truth_table_01,pending
disc_0140,"Is (p → q) ∨ (q → p) a tautology? Justify your answer.",DISCRETE,logic,en,synthetic,dlg_tautology_either_implication_01,pending
disc_0141,"Simplify (p ∧ q) ∨ (p ∧ ¬q) using logical equivalences.",DISCRETE,logic,en,synthetic,dlg_simplify_absorption_01,pending
disc_0142,"Find a formula that uses only ¬ and ∧ and is logically equivalent to p ∨ q.",DISCRETE,logic,en,synthetic,dlg_express_with_and_not_01,pending
disc_0143,"Is this argument valid? 'If it rains, the game is cancelled. The game was not cancelled. Therefore it did not rain.'",DISCRETE,logic,en,synthetic,dlg_modus_tollens_argument_01,pending
disc_0144,"Is this argument valid? 'If I study, I pass the exam. I passed the exam. Therefore I studied.'",DISCRETE,logic,en,synthetic,dlg_affirming_consequent_01,pending
disc_0145,"Negate the statement ∃x ∀y (x ≤ y), and rewrite the result so that the negation symbol does not appear.",DISCRETE,logic,en,synthetic,dlg_negate_quantifier_order_01,pending
disc_0146,"With the integers as the domain, decide whether each statement is true: (a) ∀x ∃y (x + y = 0); (b) ∃y ∀x (x + y = 0).",DISCRETE,logic,en,synthetic,dlg_quantifier_order_truth_01,pending
disc_0147,"Let S(x) mean 'x is a student in this class', C(y) mean 'y is a computer science major', and F(x, y) mean 'x and y are friends'. Write 'Every student in this class has a friend who is a computer science major' in symbolic logic.",DISCRETE,logic,en,synthetic,dlg_translate_friend_statement_01,pending
disc_0148,"Is ((p ∨ q) ∧ (¬p ∨ r)) → (q ∨ r) a tautology?",DISCRETE,logic,en,synthetic,dlg_resolution_tautology_01,pending
disc_0149,"Prove by contradiction that sqrt(2) is irrational.",DISCRETE,logic,en,synthetic,dlg_sqrt2_irrational_01,pending
disc_0150,"Write two odd integers as 2a + 1 and 2b + 1 and determine the parity of their sum. What is the parity of the sum of three odd integers?",DISCRETE,logic,en,synthetic,dlg_parity_of_odd_sums_01,pending
disc_0151,"Prove that there are no integers m and n with m^2 - n^2 = 30.",DISCRETE,logic,en,synthetic,dlg_no_solution_difference_of_squares_01,pending
disc_0152,"Use a proof by cases to show that |xy| = |x||y| for all real numbers x and y.",DISCRETE,logic,en,synthetic,dlg_cases_absolute_value_product_01,pending
disc_0153,"Give a counterexample to the claim that n^2 + n + 41 is prime for every nonnegative integer n.",DISCRETE,logic,en,synthetic,dlg_counterexample_euler_polynomial_01,pending
disc_0154,"Determine the truth value of each statement: (a) 0 = 1 → 1 = 2; (b) 1 = 1 → 2 = 3; (c) 3 > 4 ↔ 2 > 5.",DISCRETE,logic,en,synthetic,dlg_conditional_truth_values_01,pending
disc_0155,"State the converse, the inverse, and the contrapositive of 'If an integer is divisible by 6, then it is divisible by 3.'",DISCRETE,logic,en,synthetic,dlg_converse_inverse_contrapositive_01,pending
disc_0156,"Are (p ∨ q) → r and (p → r) ∧ (q → r) logically equivalent?",DISCRETE,logic,en,synthetic,dlg_disjunction_implication_equivalence_01,pending
disc_0157,"How many of the 16 truth assignments to p, q, r, s make (p ∨ q) ∧ (r ∨ s) true?",DISCRETE,logic,en,synthetic,dlg_count_satisfying_assignments_01,pending
disc_0158,"Is the set of connectives {∧, ¬} functionally complete? Explain.",DISCRETE,logic,en,synthetic,dlg_functional_completeness_01,pending
disc_0159,"Use logical equivalences to show that (p → q) ∧ (p → r) is equivalent to p → (q ∧ r).",DISCRETE,logic,en,synthetic,dlg_distribute_implication_01,pending
disc_0160,"Four cards show A, K, 4, and 7 on their visible faces. Each card has a letter on one side and a number on the other. To check the rule 'if a card has a vowel on one side, then it has an even number on the other side', which cards must be turned over?",DISCRETE,logic,en,synthetic,dlg_wason_selection_task_01,pending
disc_0161,"Let the domain be the positive integers, P(x) mean 'x is even', and Q(x) mean 'x is a multiple of 4'. Decide the truth of ∀x (Q(x) → P(x)) and of ∀x (P(x) → Q(x)).",DISCRETE,logic,en,synthetic,dlg_quantified_implication_truth_01,pending
disc_0162,"Prove that if x is a nonzero irrational number, then 1/x is irrational.",DISCRETE,logic,en,synthetic,dlg_reciprocal_irrational_01,pending
disc_0163,"Let A = {1, 2, 3, 4, 5} and B = {4, 5, 6, 7}. Find A ∪ B, A ∩ B, A \ B, B \ A, and A Δ B.",DISCRETE,sets,en,synthetic,dst_basic_operations_01,pending
disc_0164,"Let the universal set be U = {1, 2, ..., 10}, let A be the set of even numbers in U, and let B be the set of multiples of 3 in U. Find the complement of A ∪ B.",DISCRETE,sets,en,synthetic,dst_complement_evens_threes_01,pending
disc_0165,"How many subsets does a 6-element set have, and how many of them have exactly 2 elements?",DISCRETE,sets,en,synthetic,dst_power_set_sizes_01,pending
disc_0166,"Let A = {∅, {∅}}. List all the elements of the power set of A.",DISCRETE,sets,en,synthetic,dst_power_set_nested_empty_01,pending
disc_0167,"Let U = {1, ..., 8}, A = {1, 2, 3, 4}, B = {3, 4, 5, 6}, and C = {1, 4, 6, 8}. Compute the complement of A ∩ B ∩ C and the union of the complements of A, B, and C, and compare the two results.",DISCRETE,sets,en,synthetic,dst_de_morgan_three_numeric_01,pending
disc_0168,"For A = {1, 2, 3} and B = {1, 2, 3, 4, 5}, compute A ∩ B and A ∪ B, and state what each result tells you about whether A ⊆ B.",DISCRETE,sets,en,synthetic,dst_subset_test_by_intersection_01,pending
disc_0169,"How many subsets of {1, 2, ..., 10} have an even sum of elements?",DISCRETE,sets,en,synthetic,dst_subsets_even_sum_01,pending
disc_0170,"Let A = {x ∈ ℤ : |x| < 3} and B = {x ∈ ℤ : x^2 ≤ 4}. Are A and B equal? List their elements.",DISCRETE,sets,en,synthetic,dst_equality_integer_sets_01,pending
disc_0171,"Prove or disprove: for all sets A and B, the power set of A ∩ B equals the intersection of the power sets of A and B.",DISCRETE,sets,en,synthetic,dst_power_set_intersection_01,pending
disc_0172,"For A = {1, 2} and B = {1, 2, 3}, list the power sets of A and B and decide whether the power set of A is a subset of the power set of B. Then state when this inclusion holds in general.",DISCRETE,sets,en,synthetic,dst_powerset_inclusion_example_01,pending
disc_0173,"If |A| = 3, |B| = 4, and |C| = 5, how many elements does A × B × C have, and how many different relations from A to B are there?",DISCRETE,sets,en,synthetic,dst_cartesian_and_relation_counts_01,pending
disc_0174,"For n = 1, 2, 3, ... let A_n = {x ∈ ℝ : 0 < x < 1/n}. Find the union and the intersection of all the sets A_n.",DISCRETE,sets,en,synthetic,dst_indexed_family_open_intervals_01,pending
disc_0175,"Find the intersection of the closed intervals [0, 1 + 1/n] over all positive integers n.",DISCRETE,sets,en,synthetic,dst_intersection_closed_intervals_01,pending
disc_0176,"Show that the set of even integers has the same cardinality as the set of all integers by giving an explicit bijection.",DISCRETE,sets,en,synthetic,dst_cardinality_even_integers_01,pending
disc_0177,"Compute (A ∪ B) ∩ C and A \ (B ∩ C) for A = {1, 2, 3}, B = {2, 3, 4}, and C = {3, 4, 5}.",DISCRETE,sets,en,synthetic,dst_compute_combined_expressions_01,pending
disc_0178,"Prove Cantor's theorem: for every set A, there is no surjection from A onto its power set.",DISCRETE,sets,en,synthetic,dst_cantor_theorem_01,pending
disc_0179,"Show that the open interval (0, 1) and the set of all real numbers have the same cardinality.",DISCRETE,sets,en,synthetic,dst_cardinality_interval_and_reals_01,pending
disc_0180,"Is the set of all infinite binary sequences countable? Justify your answer.",DISCRETE,sets,en,synthetic,dst_infinite_binary_sequences_uncountable_01,pending
disc_0181,"Simplify (A ∪ B) ∩ (A ∪ B^c), where the complement is taken inside a universal set U.",DISCRETE,sets,en,synthetic,dst_simplify_expression_01,pending
disc_0182,"How many subsets of {1, 2, ..., 8} contain both 1 and 2 but do not contain 3?",DISCRETE,sets,en,synthetic,dst_subsets_with_conditions_01,pending
disc_0183,"Prove or disprove: (A \ B) ∪ (B \ A) = (A ∪ B) \ (A ∩ B) for all sets A and B.",DISCRETE,sets,en,synthetic,dst_symmetric_difference_identity_01,pending
disc_0184,"How many subsets T of {1, 2, 3, 4} satisfy T ∩ {1, 2} ≠ ∅?",DISCRETE,sets,en,synthetic,dst_subsets_meeting_given_set_01,pending
disc_0185,"How many partitions of the set {a, b, c} into non-empty blocks are there? List them.",DISCRETE,sets,en,synthetic,dst_partitions_three_elements_01,pending
disc_0186,"If A and B are non-empty sets with A × B = B × A, what can you conclude about A and B? Justify your answer.",DISCRETE,sets,en,synthetic,dst_product_commutes_01,pending
disc_0187,"How many integers from 1 to 50 are perfect squares or perfect cubes?",DISCRETE,sets,en,synthetic,dst_squares_or_cubes_count_01,pending
disc_0188,"On the integers, define a R b to mean that a + b is even. Show that R is an equivalence relation and identify its equivalence classes.",DISCRETE,relations,en,synthetic,drl_parity_sum_relation_01,pending
disc_0189,"How many reflexive relations are there on a set with 4 elements?",DISCRETE,relations,en,synthetic,drl_count_reflexive_01,pending
disc_0190,"How many relations on a 3-element set are both symmetric and antisymmetric?",DISCRETE,relations,en,synthetic,drl_count_symmetric_and_antisymmetric_01,pending
disc_0191,"On the integers, define a ~ b to mean a^2 ≡ b^2 (mod 7). Show that ~ is an equivalence relation and find the number of equivalence classes.",DISCRETE,relations,en,synthetic,drl_squares_mod_seven_relation_01,pending
disc_0192,"On the real numbers define x ~ y to mean that x - y is an integer. Show that ~ is an equivalence relation and describe its equivalence classes.",DISCRETE,relations,en,synthetic,drl_reals_differ_by_integer_01,pending
disc_0193,"How many edges does the Hasse diagram of the divisors of 36, ordered by divisibility, have?",DISCRETE,relations,en,synthetic,drl_hasse_edges_divisors_36_01,pending
disc_0194,"In the poset of positive integers ordered by divisibility, find the least upper bound and the greatest lower bound of 6 and 10.",DISCRETE,relations,en,synthetic,drl_lub_glb_divisibility_01,pending
disc_0195,"Find the reflexive closure and the symmetric closure of the relation R = {(1, 2), (2, 3)} on the set {1, 2, 3}.",DISCRETE,relations,en,synthetic,drl_reflexive_symmetric_closures_01,pending
disc_0196,"Find the smallest equivalence relation on {1, 2, 3, 4, 5} that contains the pairs (1, 2), (2, 3), and (4, 5), and list its equivalence classes.",DISCRETE,relations,en,synthetic,drl_smallest_equivalence_containing_01,pending
disc_0197,"How many different equivalence relations are there on a 4-element set?",DISCRETE,relations,en,synthetic,drl_count_equivalence_relations_four_01,pending
disc_0198,"On the set of pairs (a, b) of integers with b ≠ 0, define (a, b) ~ (c, d) to mean ad = bc. Prove that ~ is an equivalence relation.",DISCRETE,relations,en,synthetic,drl_fraction_equivalence_proof_01,pending
disc_0199,"Give an example of a relation on the set {1, 2} that is symmetric and transitive but not reflexive.",DISCRETE,relations,en,synthetic,drl_symmetric_transitive_not_reflexive_01,pending
disc_0200,"Give an example of a relation that is reflexive and transitive but neither symmetric nor antisymmetric.",DISCRETE,relations,en,synthetic,drl_reflexive_transitive_neither_01,pending
disc_0201,"On the real numbers, let x R y mean |x - y| ≤ 1. Is R reflexive, symmetric, transitive? Justify each answer.",DISCRETE,relations,en,synthetic,drl_close_reals_not_transitive_01,pending
disc_0202,"For the poset (P({1, 2, 3}), ⊆), how many ordered pairs (A, B) satisfy A ⊆ B, and how many maximal chains run from ∅ to {1, 2, 3}?",DISCRETE,relations,en,synthetic,drl_powerset_poset_counts_01,pending
disc_0203,"Is the lexicographic order on pairs of positive integers a total order? Explain.",DISCRETE,relations,en,synthetic,drl_lexicographic_total_order_01,pending
disc_0204,"Let R = {(1, a), (2, b), (3, a)} be a relation from {1, 2, 3} to {a, b}, and let S = {(a, x), (b, y), (b, z)} be a relation from {a, b} to {x, y, z}. Find the composite relation S∘R.",DISCRETE,relations,en,synthetic,drl_composition_between_sets_01,pending
disc_0205,"A relation R on {1, 2, 3} has the 0-1 matrix with rows (1, 0, 1), (0, 1, 0), (1, 0, 1). Is R an equivalence relation? If so, list its equivalence classes.",DISCRETE,relations,en,synthetic,drl_matrix_equivalence_01,pending
disc_0206,"Prove that the intersection of two equivalence relations on a set A is an equivalence relation on A.",DISCRETE,relations,en,synthetic,drl_intersection_equivalence_proof_01,pending
disc_0207,"Give two equivalence relations R and S on {1, 2, 3} whose union R ∪ S is not transitive, and list the pairs that are missing.",DISCRETE,relations,en,synthetic,drl_union_not_transitive_01,pending
disc_0208,"How many antisymmetric relations are there on a set with 3 elements?",DISCRETE,relations,en,synthetic,drl_count_antisymmetric_01,pending
disc_0209,"The set {1, 2, 3, 4, 5, 6} is partitioned into the blocks {1, 4}, {2, 5, 6}, and {3}. How many ordered pairs belong to the equivalence relation determined by this partition?",DISCRETE,relations,en,synthetic,drl_pairs_from_partition_01,pending
disc_0210,"On the set of bit strings of length 4, let s ~ t mean that s and t contain the same number of 1s. How many equivalence classes are there, and what is the size of the largest one?",DISCRETE,relations,en,synthetic,drl_binary_strings_same_weight_01,pending
disc_0211,"Decide whether the usual order ≤ is a well-ordering on ℕ, on ℤ, and on the set of positive rational numbers.",DISCRETE,relations,en,synthetic,drl_well_order_question_01,pending
disc_0212,"Is the function f: {0, 1, ..., 7} → {0, 1, ..., 7} defined by f(x) = 3x mod 8 a bijection? If so, find its inverse function.",DISCRETE,functions,en,synthetic,dfn_modular_multiplication_bijection_01,pending
disc_0213,"Determine whether f: ℝ → ℝ defined by f(x) = x^3 - x is injective and whether it is surjective.",DISCRETE,functions,en,synthetic,dfn_cubic_surjective_not_injective_01,pending
disc_0214,"Find the inverse of the function f: ℝ → ℝ defined by f(x) = (3x - 2)/5.",DISCRETE,functions,en,synthetic,dfn_inverse_linear_01,pending
disc_0215,"Let f(x) = x^2 + 1 and g(x) = 2x - 3 for real x. Compute f∘g and g∘f.",DISCRETE,functions,en,synthetic,dfn_composition_quadratic_linear_01,pending
disc_0216,"How many bijections f from {1, 2, 3, 4, 5} to itself satisfy f(1) = 2?",DISCRETE,functions,en,synthetic,dfn_bijections_with_condition_01,pending
disc_0217,"Prove that the composition of two injective functions is injective.",DISCRETE,functions,en,synthetic,dfn_composition_injective_proof_01,pending
disc_0218,"Suppose g∘f is injective. Must f be injective? Must g be injective? Justify each answer.",DISCRETE,functions,en,synthetic,dfn_composition_injective_implications_01,pending
disc_0219,"Evaluate ⌊-3.5⌋, ⌈-3.5⌉, ⌊7/2⌋, and ⌈7/2⌉, and compute ⌊x + 1/2⌋ at x = 2.5.",DISCRETE,functions,en,synthetic,dfn_floor_ceiling_values_01,pending
disc_0220,"Find real numbers x and y for which ⌊x + y⌋ = ⌊x⌋ + ⌊y⌋ + 1, and describe when ⌊x + y⌋ = ⌊x⌋ + ⌊y⌋ fails.",DISCRETE,functions,en,synthetic,dfn_floor_sum_gap_01,pending
disc_0221,"Give an explicit bijection from the set of natural numbers {0, 1, 2, ...} to the set of all integers.",DISCRETE,functions,en,synthetic,dfn_bijection_naturals_integers_01,pending
disc_0222,"Let f: A → B be a function and let S and T be subsets of A. Show that f(S ∪ T) = f(S) ∪ f(T), and decide whether f(S ∩ T) = f(S) ∩ f(T) always holds.",DISCRETE,functions,en,synthetic,dfn_image_union_intersection_01,pending
disc_0223,"For f: ℝ → ℝ defined by f(x) = x^2, find the preimage f^(-1)([1, 4]) and the image f([-2, 3]).",DISCRETE,functions,en,synthetic,dfn_image_preimage_square_01,pending
disc_0224,"Let ℕ = {0, 1, 2, ...}. Is the function f: ℕ × ℕ → ℕ defined by f(m, n) = 2^m (2n + 1) - 1 a bijection? Justify your answer.",DISCRETE,functions,en,synthetic,dfn_pairing_bijection_01,pending
disc_0225,"Show that there is no injective function from a set with 10 elements to a set with 9 elements.",DISCRETE,functions,en,synthetic,dfn_no_injection_to_smaller_set_01,pending
disc_0226,"With f(x) = x^2, g(x) = x + 3, and h(x) = 1/x, compute f(g(h(2))).",DISCRETE,functions,en,synthetic,dfn_triple_composition_01,pending
disc_0227,"The Collatz-style function f on the positive integers is defined by f(n) = n/2 if n is even and f(n) = 3n + 1 if n is odd. Starting from 7 and applying f repeatedly, how many applications are needed to reach 1?",DISCRETE,functions,en,synthetic,dfn_collatz_steps_seven_01,pending
disc_0228,"Let A be a finite set and f: A → A a function. Prove that f is injective if and only if f is surjective.",DISCRETE,functions,en,synthetic,dfn_finite_injective_iff_surjective_01,pending
disc_0229,"How many functions f: {1, 2, 3} → {1, 2, 3} satisfy f(f(x)) = x for every x?",DISCRETE,functions,en,synthetic,dfn_involutions_three_elements_01,pending
disc_0230,"Let f: ℤ → ℤ be defined by f(n) = ⌈n/3⌉. Find the preimage of {2}.",DISCRETE,functions,en,synthetic,dfn_preimage_ceiling_01,pending
disc_0231,"Let f: X → Y and g: Y → Z be functions such that g∘f is surjective. Prove that g is surjective.",DISCRETE,functions,en,synthetic,dfn_composition_surjective_implication_01,pending
disc_0232,"Prove by induction that 1^3 + 2^3 + ... + n^3 = (n(n + 1)/2)^2 for every positive integer n.",DISCRETE,induction,en,synthetic,din_sum_of_cubes_01,pending
disc_0233,"Prove by induction that a convex polygon with n ≥ 3 sides has exactly n(n - 3)/2 diagonals.",DISCRETE,induction,en,synthetic,din_polygon_diagonals_01,pending
disc_0234,"Prove by induction that Σ_{k=1}^{n} k·2^k = (n - 1)·2^(n+1) + 2 for every integer n ≥ 1.",DISCRETE,induction,en,synthetic,din_sum_k_two_power_01,pending
disc_0235,"Use induction to establish that 1/(1·2) + 1/(2·3) + ... + 1/(n(n + 1)) = n/(n + 1) for all n ≥ 1.",DISCRETE,induction,en,synthetic,din_telescoping_sum_01,pending
disc_0236,"Prove that 9^n + 7 is divisible by 8 for every positive integer n.",DISCRETE,induction,en,synthetic,din_nine_power_plus_seven_01,pending
disc_0237,"Prove by induction that a set with n elements has exactly 2^n subsets.",DISCRETE,induction,en,synthetic,din_power_set_size_01,pending
disc_0238,"A rectangular chocolate bar consists of m × n unit squares. A break splits one piece along a grid line into two pieces. Use strong induction to prove that separating the bar into all mn unit squares takes exactly mn - 1 breaks, whatever order the breaks are made in.",DISCRETE,induction,en,synthetic,din_chocolate_bar_breaks_01,pending
disc_0239,"Show that every amount of postage of 12 cents or more can be made using only 4-cent and 5-cent stamps.",DISCRETE,induction,en,synthetic,din_postage_four_five_01,pending
disc_0240,"With F_1 = F_2 = 1 and F_{n+2} = F_{n+1} + F_n, prove Cassini's identity F_{n+1} F_{n-1} - F_n^2 = (-1)^n for all n ≥ 2.",DISCRETE,induction,en,synthetic,din_cassini_identity_01,pending
disc_0241,"With the Fibonacci numbers defined by F_1 = F_2 = 1 and F_{n+2} = F_{n+1} + F_n, prove that F_n < 2^n for all n ≥ 1.",DISCRETE,induction,en,synthetic,din_fibonacci_bound_01,pending
disc_0242,"Prove Bernoulli's inequality: (1 + x)^n ≥ 1 + nx for every real number x ≥ -1 and every integer n ≥ 1.",DISCRETE,induction,en,synthetic,din_bernoulli_inequality_01,pending
disc_0243,"Use induction on the number of vertices to prove that every tree with n vertices has exactly n - 1 edges.",DISCRETE,induction,en,synthetic,din_tree_edge_count_01,pending
disc_0244,"A proof claims that in any set of n horses all horses have the same color. The base case n = 1 is clear. For the inductive step, take a set of n + 1 horses, remove one horse to get n horses of one color, then remove a different horse to get n horses of one color, and conclude that all n + 1 horses share that color. Where does the argument fail?",DISCRETE,induction,en,synthetic,din_horses_flaw_01,pending
disc_0245,"Prove by induction that the sum of the squares of the first n odd positive integers equals n(2n - 1)(2n + 1)/3.",DISCRETE,induction,en,synthetic,din_odd_squares_sum_01,pending
disc_0246,"Prove by induction that Σ_{k=1}^{n} k·k! = (n + 1)! - 1 for every n ≥ 1.",DISCRETE,induction,en,synthetic,din_sum_k_times_factorial_01,pending
disc_0247,"Prove that n lines in the plane, no two parallel and no three through a common point, divide the plane into n(n + 1)/2 + 1 regions.",DISCRETE,induction,en,synthetic,din_lines_regions_plane_01,pending
disc_0248,"Prove that for every n ≥ 1, a 2^n × 2^n chessboard with any one square removed can be tiled with L-shaped trominoes, each covering three squares.",DISCRETE,induction,en,synthetic,din_tromino_tiling_01,pending
disc_0249,"Prove by induction that Σ_{k=1}^{n} 1/k^2 ≤ 2 - 1/n for all n ≥ 1.",DISCRETE,induction,en,synthetic,din_inverse_squares_bound_01,pending
disc_0250,"Prove by induction that the interior angles of a convex polygon with n sides, n ≥ 3, sum to (n - 2)·180 degrees.",DISCRETE,induction,en,synthetic,din_polygon_angle_sum_01,pending
disc_0251,"Prove by induction that n^2 + n is even for every positive integer n.",DISCRETE,induction,en,synthetic,din_n_squared_plus_n_even_01,pending
disc_0252,"A sequence is defined by a_1 = 1 and a_{n+1} = 2a_n + 1 for n ≥ 1. Prove that a_n = 2^n - 1 for all n ≥ 1.",DISCRETE,induction,en,synthetic,din_recursive_closed_form_01,pending
disc_0253,"Prove that 1·2 + 2·3 + ... + n(n + 1) = n(n + 1)(n + 2)/3 for every positive integer n.",DISCRETE,induction,en,synthetic,din_pronic_sum_01,pending
disc_0254,"Use strong induction to show that every positive integer can be written as a sum of distinct powers of 2.",DISCRETE,induction,en,synthetic,din_binary_representation_exists_01,pending
disc_0255,"Prove by induction that 1 + r + r^2 + ... + r^n = (r^(n+1) - 1)/(r - 1) for every real number r ≠ 1 and every integer n ≥ 0.",DISCRETE,induction,en,synthetic,din_geometric_sum_formula_01,pending
disc_0256,"Find a closed formula for the sequence with a_0 = 1, a_1 = 2, and a_n = 2a_{n-1} - 2a_{n-2} for n ≥ 2. The characteristic equation has complex roots.",DISCRETE,recurrences,en,synthetic,drc_complex_roots_01,pending
disc_0257,"Solve the third-order recurrence a_n = 6a_{n-1} - 11a_{n-2} + 6a_{n-3} with a_0 = 0, a_1 = 1, and a_2 = 5.",DISCRETE,recurrences,en,synthetic,drc_third_order_01,pending
disc_0258,"Solve the recurrence a_n = 2a_{n-1} + 2^n with a_0 = 1.",DISCRETE,recurrences,en,synthetic,drc_resonant_forcing_01,pending
disc_0259,"Let a_n be the number of ways to climb n stairs taking 1 or 3 steps at a time. Find a recurrence for a_n and compute a_8.",DISCRETE,recurrences,en,synthetic,drc_stairs_one_or_three_01,pending
disc_0260,"Find a recurrence for the number of bit strings of length n with no three consecutive 0s, and use it to find the number of such strings of length 6.",DISCRETE,recurrences,en,synthetic,drc_no_three_zeros_01,pending
disc_0261,"In the Josephus problem, 41 people stand in a circle and every second person still in the circle is eliminated, starting by eliminating person 2. Which person survives?",DISCRETE,recurrences,en,synthetic,drc_josephus_every_second_01,pending
disc_0262,"A sequence satisfies a_n = a_{n-1} + n for n ≥ 1, with a_0 = 5. Find a closed formula for a_n.",DISCRETE,recurrences,en,synthetic,drc_sum_of_naturals_closed_form_01,pending
disc_0263,"The Lucas numbers are defined by L_0 = 2, L_1 = 1, and L_n = L_{n-1} + L_{n-2}. Compute L_10.",DISCRETE,recurrences,en,synthetic,drc_lucas_number_ten_01,pending
disc_0264,"Use the characteristic equation of the recurrence F_n = F_{n-1} + F_{n-2}, with F_0 = 0 and F_1 = 1, to derive a closed formula for the Fibonacci numbers.",DISCRETE,recurrences,en,synthetic,drc_binet_formula_01,pending
disc_0265,"Find the solution of the recurrence a_n = 2a_{n-1} + n for n ≥ 1 with initial value a_0 = 1.",DISCRETE,recurrences,en,synthetic,drc_nonhomogeneous_linear_term_01,pending
disc_0266,"Find a recurrence for the number of ways to tile a 2 × n board with 1 × 2 dominoes, and compute the number for n = 7.",DISCRETE,recurrences,en,synthetic,drc_domino_tiling_two_by_n_01,pending
disc_0267,"Find the number of strings of length n over {0, 1, 2} in which no two adjacent symbols are equal, by setting up and solving a recurrence.",DISCRETE,recurrences,en,synthetic,drc_ternary_no_adjacent_equal_01,pending
disc_0268,"Solve a_n = 2a_{n-1} - a_{n-2} + 2 with a_0 = 0 and a_1 = 3.",DISCRETE,recurrences,en,synthetic,drc_nonhomogeneous_repeated_root_01,pending
disc_0269,"Let a_n be the number of ways to write n as an ordered sum of 1s and 2s. Find a recurrence for a_n and compute a_6.",DISCRETE,recurrences,en,synthetic,drc_compositions_one_two_01,pending
disc_0270,"Solve T(n) = 2T(n/2) + n with T(1) = 1, for n a power of 2.",DISCRETE,recurrences,en,synthetic,drc_divide_and_conquer_exact_01,pending
disc_0271,"Use the master theorem to give the asymptotic growth of T(n) = 4T(n/2) + n.",DISCRETE,recurrences,en,synthetic,drc_master_theorem_four_01,pending
disc_0272,"The Catalan numbers satisfy C_0 = 1 and C_{n+1} = C_0 C_n + C_1 C_{n-1} + ... + C_n C_0. Compute C_5.",DISCRETE,recurrences,en,synthetic,drc_catalan_convolution_01,pending
disc_0273,"A sequence satisfies a_0 = 1, a_1 = 2, and a_n = a_{n-1}·a_{n-2} for n ≥ 2. Find a closed formula for a_n in terms of the Fibonacci numbers.",DISCRETE,recurrences,en,synthetic,drc_multiplicative_fibonacci_01,pending
disc_0274,"In a rabbit colony, the number of pairs a_n in month n satisfies a_n = a_{n-1} + 2a_{n-2}, with a_1 = a_2 = 1. Compute a_8.",DISCRETE,recurrences,en,synthetic,drc_rabbit_population_01,pending
disc_0275,"Find the general solution of the recurrence a_n = -a_{n-1} + 6a_{n-2}.",DISCRETE,recurrences,en,synthetic,drc_general_solution_01,pending
disc_0276,"Find the generating function of the sequence defined by a_0 = 3 and a_n = 2a_{n-1} for n ≥ 1.",DISCRETE,recurrences,en,synthetic,drc_generating_function_geometric_01,pending
disc_0277,"Find the generating function of the Fibonacci sequence defined by F_0 = 0, F_1 = 1, and F_n = F_{n-1} + F_{n-2}.",DISCRETE,recurrences,en,synthetic,drc_generating_function_fibonacci_01,pending
disc_0278,"How many subsets of {1, 2, ..., 8} contain no two consecutive integers? Set up a recurrence and solve it.",DISCRETE,recurrences,en,synthetic,drc_subsets_no_consecutive_01,pending
disc_0279,"Solve the recurrence a_n = a_{n-1} + 2n - 1 with a_0 = 0.",DISCRETE,recurrences,en,synthetic,drc_odd_increment_closed_form_01,pending
disc_0280,"Show that the fraction (21n + 4)/(14n + 3) is in lowest terms for every integer n.",DISCRETE,divisibility,en,synthetic,ddv_lowest_terms_fraction_01,pending
disc_0281,"How many ordered pairs (a, b) of positive integers satisfy a + b = 100 and gcd(a, b) = 5?",DISCRETE,divisibility,en,synthetic,ddv_pairs_sum_gcd_01,pending
disc_0282,"Find the sum of all positive divisors of 496 and use it to decide whether 496 is a perfect number.",DISCRETE,divisibility,en,synthetic,ddv_perfect_number_496_01,pending
disc_0283,"Find lcm(84, 90).",DISCRETE,divisibility,en,synthetic,ddv_lcm_84_90_01,pending
disc_0284,"Find the prime factorizations of 1001 and of 2^10 - 1.",DISCRETE,divisibility,en,synthetic,ddv_factorization_1001_1023_01,pending
disc_0285,"With how many zeros does the decimal representation of 100! end?",DISCRETE,divisibility,en,synthetic,ddv_trailing_zeros_factorial_01,pending
disc_0286,"Find all positive integers a that divide both 48 and 72, and check that each such a also divides 5·48 - 3·72.",DISCRETE,divisibility,en,synthetic,ddv_common_divisors_combination_01,pending
disc_0287,"Use the identity gcd(a, b) = gcd(b, a mod b) to compute gcd(1071, 462), listing each step of the Euclidean algorithm.",DISCRETE,divisibility,en,synthetic,ddv_euclid_steps_1071_462_01,pending
disc_0288,"Prove that there are infinitely many prime numbers.",DISCRETE,divisibility,en,synthetic,ddv_infinitely_many_primes_01,pending
disc_0289,"Prove that if a and b are integers and 3 divides a^2 + b^2, then 3 divides both a and b.",DISCRETE,divisibility,en,synthetic,ddv_sum_of_squares_div_three_01,pending
disc_0290,"Use trial division to decide whether 221 and 223 are prime.",DISCRETE,divisibility,en,synthetic,ddv_trial_division_221_223_01,pending
disc_0291,"Find all positive divisors n of 24 with n > 5.",DISCRETE,divisibility,en,synthetic,ddv_divisors_of_24_above_five_01,pending
disc_0292,"How many integers between 1 and 1000 are relatively prime to 1000?",DISCRETE,divisibility,en,synthetic,ddv_euler_phi_1000_01,pending
disc_0293,"Compute φ(72) and φ(97), where φ is Euler's totient function.",DISCRETE,divisibility,en,synthetic,ddv_phi_values_01,pending
disc_0294,"Prove that if p is a prime and p divides ab, then p divides a or p divides b.",DISCRETE,divisibility,en,synthetic,ddv_euclids_lemma_proof_01,pending
disc_0295,"Find all pairs of positive integers (a, b) with a ≤ b, gcd(a, b) = 6, and lcm(a, b) = 72.",DISCRETE,divisibility,en,synthetic,ddv_pairs_gcd_lcm_01,pending
disc_0296,"Show that gcd(n, n + 1) = 1 for every integer n, and that gcd(n, n + 2) is either 1 or 2.",DISCRETE,divisibility,en,synthetic,ddv_consecutive_gcd_01,pending
disc_0297,"What is the sum of all positive integers less than 100 that are divisible by 7?",DISCRETE,divisibility,en,synthetic,ddv_sum_multiples_of_seven_01,pending
disc_0298,"What is the largest integer n such that 3^n divides 30!?",DISCRETE,divisibility,en,synthetic,ddv_legendre_three_in_factorial_01,pending
disc_0299,"Prove that an integer is divisible by 9 if and only if the sum of its decimal digits is divisible by 9.",DISCRETE,divisibility,en,synthetic,ddv_digit_sum_rule_nine_01,pending
disc_0300,"Prove that consecutive Fibonacci numbers F_n and F_{n+1} are relatively prime.",DISCRETE,divisibility,en,synthetic,ddv_fibonacci_coprime_01,pending
disc_0301,"Find gcd(2^12 - 1, 2^18 - 1).",DISCRETE,divisibility,en,synthetic,ddv_gcd_mersenne_01,pending
disc_0302,"A baker has 84 cupcakes and 126 muffins and wants to pack them into identical boxes with no items left over, each box holding the same number of cupcakes and the same number of muffins. What is the largest number of boxes that can be made, and what does each box contain?",DISCRETE,divisibility,en,synthetic,ddv_baker_boxes_gcd_01,pending
disc_0303,"What is the smallest positive integer that is divisible by every integer from 1 to 10?",DISCRETE,divisibility,en,synthetic,ddv_lcm_one_to_ten_01,pending
disc_0304,"Find all positive integers n for which n + 1 divides n^2 + 1.",DISCRETE,divisibility,en,synthetic,ddv_n_plus_one_divides_01,pending
disc_0305,"Compute 7^100 mod 13.",DISCRETE,modular_arithmetic,en,synthetic,dmd_power_mod_thirteen_01,pending
disc_0306,"Find the remainder when 2^2026 is divided by 7.",DISCRETE,modular_arithmetic,en,synthetic,dmd_two_power_mod_seven_01,pending
disc_0307,"Find the remainder when 3^200 + 4^200 is divided by 7.",DISCRETE,modular_arithmetic,en,synthetic,dmd_sum_of_powers_mod_seven_01,pending
disc_0308,"Solve the congruence 12x ≡ 18 (mod 30), giving all solutions modulo 30.",DISCRETE,modular_arithmetic,en,synthetic,dmd_congruence_with_gcd_01,pending
disc_0309,"Find the multiplicative inverse of 29 modulo 100.",DISCRETE,modular_arithmetic,en,synthetic,dmd_inverse_29_mod_100_01,pending
disc_0310,"Solve the system x ≡ 3 (mod 4), x ≡ 5 (mod 9).",DISCRETE,modular_arithmetic,en,synthetic,dmd_crt_two_moduli_four_nine_01,pending
disc_0311,"Find all solutions of x^2 ≡ 1 (mod 15).",DISCRETE,modular_arithmetic,en,synthetic,dmd_square_roots_of_one_mod_15_01,pending
disc_0312,"Does the congruence 6x ≡ 4 (mod 9) have any solutions? Explain.",DISCRETE,modular_arithmetic,en,synthetic,dmd_no_solution_congruence_01,pending
disc_0313,"Use Euler's theorem to compute 3^1000 mod 100.",DISCRETE,modular_arithmetic,en,synthetic,dmd_euler_theorem_power_01,pending
disc_0314,"What is the last decimal digit of 123456789 × 987654321?",DISCRETE,modular_arithmetic,en,synthetic,dmd_last_digit_product_01,pending
disc_0315,"Use Fermat's little theorem to show that 13 divides 2^12 - 1.",DISCRETE,modular_arithmetic,en,synthetic,dmd_fermat_divides_01,pending
disc_0316,"A hash table with 11 buckets stores each key k in bucket k mod 11. The keys 47, 58, 130, and 215 are inserted. Which keys collide, and in which bucket?",DISCRETE,modular_arithmetic,en,synthetic,dmd_hash_collisions_word_01,pending
disc_0317,"Which residues modulo 12 have a multiplicative inverse modulo 12? List each with its inverse.",DISCRETE,modular_arithmetic,en,synthetic,dmd_units_mod_twelve_01,pending
disc_0318,"Find the remainder when 1! + 2! + 3! + ... + 100! is divided by 12.",DISCRETE,modular_arithmetic,en,synthetic,dmd_factorial_sum_remainder_01,pending
disc_0319,"Use Wilson's theorem to compute 10! mod 11 and 28! mod 29.",DISCRETE,modular_arithmetic,en,synthetic,dmd_wilson_theorem_values_01,pending
disc_0320,"List the possible values of n^2 mod 4 for n = 0, 1, 2, 3, and use them to decide whether 2027 can be written as a sum of two perfect squares.",DISCRETE,modular_arithmetic,en,synthetic,dmd_squares_mod_four_application_01,pending
disc_0321,"Show that no integer of the form 4k + 3 can be written as a sum of two perfect squares.",DISCRETE,modular_arithmetic,en,synthetic,dmd_sum_of_two_squares_obstruction_01,pending
disc_0322,"Find all solutions of x^2 + x + 1 ≡ 0 (mod 7).",DISCRETE,modular_arithmetic,en,synthetic,dmd_quadratic_congruence_seven_01,pending
disc_0323,"In a toy RSA system, n = 55 = 5·11 and the public exponent is e = 3. Find the private exponent d and encrypt the message M = 7.",DISCRETE,modular_arithmetic,en,synthetic,dmd_rsa_toy_example_01,pending
disc_0324,"The first nine digits of an ISBN-10 are 0-306-40615. The check digit is chosen so that 10d_1 + 9d_2 + ... + 2d_9 + d_10 is divisible by 11. Find the check digit.",DISCRETE,modular_arithmetic,en,synthetic,dmd_isbn_check_digit_01,pending
disc_0325,"Find the smallest positive integer that leaves remainder 1 when divided by 4, remainder 2 when divided by 5, and remainder 3 when divided by 6.",DISCRETE,modular_arithmetic,en,synthetic,dmd_smallest_with_given_remainders_01,pending
disc_0326,"Find the order of 2 modulo 11 and the order of 2 modulo 13.",DISCRETE,modular_arithmetic,en,synthetic,dmd_multiplicative_order_of_two_01,pending
disc_0327,"Find all primitive roots modulo 7.",DISCRETE,modular_arithmetic,en,synthetic,dmd_primitive_roots_seven_01,pending
disc_0328,"Find the smallest positive integer n such that 2^n ≡ 1 (mod 25).",DISCRETE,modular_arithmetic,en,synthetic,dmd_order_two_mod_25_01,pending
disc_0329,"Find the remainder when 1^5 + 2^5 + ... + 100^5 is divided by 4.",DISCRETE,modular_arithmetic,en,synthetic,dmd_power_sum_mod_four_01,pending
disc_0330,"Compute n^2 mod 8 for n = 1, 3, 5, 7, and use the results to state the remainder when the square of any odd integer is divided by 8.",DISCRETE,modular_arithmetic,en,synthetic,dmd_odd_square_mod_eight_01,pending
disc_0331,"Compute 2^(-1) + 3^(-1) modulo 7, where a^(-1) denotes the multiplicative inverse of a modulo 7.",DISCRETE,modular_arithmetic,en,synthetic,dmd_sum_of_inverses_mod_seven_01,pending
disc_0332,"A 12-hour clock currently shows 9:00. What time will it show after 1000 hours?",DISCRETE,modular_arithmetic,en,synthetic,dmd_clock_hours_word_01,pending
disc_0333,"List the residues of n^3 modulo 9 for n = 0, 1, ..., 8, and say which residues occur.",DISCRETE,modular_arithmetic,en,synthetic,dmd_cube_residues_mod_nine_01,pending
disc_0334,"Find all residues x modulo 20 that satisfy x^2 ≡ x (mod 20).",DISCRETE,modular_arithmetic,en,synthetic,dmd_idempotents_mod_twenty_01,pending
